# init timestamp: 1746040752718.000
1037.000 # 1500
1037.000 # 1500
1037.000 # 1500
1037.000 # 1500
1037.000 # 1500
1037.000 # 1500
1037.000 # 1500
1037.000 # 1500
1037.000 # 1500
1037.000 # 1500
1037.000 # 1500
1037.000 # 1500
1037.000 # 1500
1037.000 # 1500
1037.000 # 1500
1037.000 # 1500
1037.000 # 1500
1037.000 # 1500
1037.000 # 1500
1037.000 # 1500
1037.000 # 1500
1037.000 # 1500
1037.000 # 1500
1037.000 # 1500
1037.000 # 1500
1037.000 # 1500
1037.000 # 1500
1037.000 # 1500
1037.000 # 1500
1037.000 # 1500
1037.000 # 1500
1037.000 # 1500
1037.000 # 1500
1037.000 # 1500
1037.000 # 1500
1037.000 # 1500
1037.000 # 1500
1037.000 # 1500
1037.000 # 1500
1037.000 # 1500
1037.000 # 1500
1037.000 # 1500
1037.000 # 1500
1037.000 # 1500
1037.000 # 1500
1037.000 # 1500
1037.000 # 1500
1037.000 # 1500
1037.000 # 1500
1037.000 # 1500
1037.000 # 1500
1037.000 # 1500
1037.000 # 1500
1037.000 # 1500
1037.000 # 1500
1037.000 # 1500
1037.000 # 1500
1037.000 # 1500
1037.000 # 1500
1037.000 # 1500
2037.000 # 1500
2037.000 # 1500
2037.000 # 1500
2037.000 # 1500
2037.000 # 1500
2037.000 # 1500
2037.000 # 1500
2037.000 # 1500
2037.000 # 1500
2037.000 # 1500
2037.000 # 1500
2037.000 # 1500
2037.000 # 1500
2037.000 # 1500
2037.000 # 1500
2037.000 # 1500
2037.000 # 1500
2037.000 # 1500
2037.000 # 1500
2037.000 # 1500
2037.000 # 1500
2037.000 # 1500
2037.000 # 1500
2037.000 # 1500
2037.000 # 1500
2037.000 # 1500
2037.000 # 1500
2037.000 # 1500
2037.000 # 1500
2037.000 # 1500
2037.000 # 1500
2037.000 # 1500
2037.000 # 1500
2037.000 # 1500
2037.000 # 1500
2037.000 # 1500
2037.000 # 1500
2037.000 # 1500
2037.000 # 1500
2037.000 # 1500
2037.000 # 1500
2037.000 # 1500
2037.000 # 1500
2037.000 # 1500
2037.000 # 1500
2037.000 # 1500
2037.000 # 1500
2037.000 # 1500
2037.000 # 1500
2037.000 # 1500
2037.000 # 1500
2037.000 # 1500
2037.000 # 1500
2037.000 # 1500
2037.000 # 1500
2037.000 # 1500
2037.000 # 1500
2037.000 # 1500
2037.000 # 1500
2037.000 # 1500
3037.000 # 1500
3037.000 # 1500
3037.000 # 1500
3037.000 # 1500
3037.000 # 1500
3037.000 # 1500
3037.000 # 1500
3037.000 # 1500
3037.000 # 1500
3037.000 # 1500
3037.000 # 1500
3037.000 # 1500
3037.000 # 1500
3037.000 # 1500
3037.000 # 1500
3037.000 # 1500
3037.000 # 1500
3037.000 # 1500
3037.000 # 1500
3037.000 # 1500
3037.000 # 1500
3037.000 # 1500
3037.000 # 1500
3037.000 # 1500
3037.000 # 1500
3037.000 # 1500
3037.000 # 1500
3037.000 # 1500
3037.000 # 1500
3037.000 # 1500
3037.000 # 1500
3037.000 # 1500
3037.000 # 1500
3037.000 # 1500
3037.000 # 1500
3037.000 # 1500
3037.000 # 1500
3037.000 # 1500
3037.000 # 1500
3037.000 # 1500
3037.000 # 1500
3037.000 # 1500
3037.000 # 1500
3037.000 # 1500
3037.000 # 1500
3037.000 # 1500
3037.000 # 1500
3037.000 # 1500
3037.000 # 1500
3037.000 # 1500
3037.000 # 1500
3037.000 # 1500
3037.000 # 1500
3037.000 # 1500
3037.000 # 1500
3037.000 # 1500
3037.000 # 1500
3037.000 # 1500
3037.000 # 1500
3037.000 # 1500
4037.000 # 1500
4037.000 # 1500
4037.000 # 1500
4037.000 # 1500
4037.000 # 1500
4037.000 # 1500
4037.000 # 1500
4037.000 # 1500
4037.000 # 1500
4037.000 # 1500
4037.000 # 1500
4037.000 # 1500
4037.000 # 1500
4037.000 # 1500
4037.000 # 1500
4037.000 # 1500
4037.000 # 1500
4037.000 # 1500
4037.000 # 1500
4037.000 # 1500
4037.000 # 1500
4037.000 # 1500
4037.000 # 1500
4037.000 # 1500
4037.000 # 1500
4037.000 # 1500
4037.000 # 1500
4037.000 # 1500
4037.000 # 1500
4037.000 # 1500
4037.000 # 1500
4037.000 # 1500
4037.000 # 1500
4037.000 # 1500
4037.000 # 1500
4037.000 # 1500
4037.000 # 1500
4037.000 # 1500
4037.000 # 1500
4037.000 # 1500
4037.000 # 1500
4037.000 # 1500
4037.000 # 1500
4037.000 # 1500
4037.000 # 1500
4037.000 # 1500
4037.000 # 1500
4037.000 # 1500
4037.000 # 1500
4037.000 # 1500
4037.000 # 1500
4037.000 # 1500
4037.000 # 1500
4037.000 # 1500
4037.000 # 1500
4037.000 # 1500
4037.000 # 1500
4037.000 # 1500
4037.000 # 1500
4037.000 # 1500
5037.000 # 1500
5037.000 # 1500
5037.000 # 1500
5037.000 # 1500
5037.000 # 1500
5037.000 # 1500
5037.000 # 1500
5037.000 # 1500
5037.000 # 1500
5037.000 # 1500
5037.000 # 1500
5037.000 # 1500
5037.000 # 1500
5037.000 # 1500
5037.000 # 1500
5037.000 # 1500
5037.000 # 1500
5037.000 # 1500
5037.000 # 1500
5037.000 # 1500
5037.000 # 1500
5037.000 # 1500
5037.000 # 1500
5037.000 # 1500
5037.000 # 1500
5037.000 # 1500
5037.000 # 1500
5037.000 # 1500
5037.000 # 1500
5037.000 # 1500
5037.000 # 1500
5037.000 # 1500
5037.000 # 1500
5037.000 # 1500
5037.000 # 1500
5037.000 # 1500
5037.000 # 1500
5037.000 # 1500
5037.000 # 1500
5037.000 # 1500
5037.000 # 1500
5037.000 # 1500
5037.000 # 1500
5037.000 # 1500
5037.000 # 1500
5037.000 # 1500
5037.000 # 1500
5037.000 # 1500
5037.000 # 1500
5037.000 # 1500
5037.000 # 1500
5037.000 # 1500
5037.000 # 1500
5037.000 # 1500
5037.000 # 1500
5037.000 # 1500
5037.000 # 1500
5037.000 # 1500
5037.000 # 1500
5037.000 # 1500
5066.391 + 96 1
6037.000 # 1500
6037.000 # 1500
6037.000 # 1500
6037.000 # 1500
6037.000 # 1500
6037.000 # 1500
6037.000 # 1500
6037.000 # 1500
6037.000 # 1500
6037.000 # 1500
6037.000 # 1500
6037.000 # 1500
6037.000 # 1500
6037.000 # 1500
6037.000 # 1500
6037.000 # 1500
6037.000 # 1500
6037.000 # 1500
6037.000 # 1500
6037.000 # 1500
6037.000 # 1500
6037.000 # 1500
6037.000 # 1500
6037.000 # 1500
6037.000 # 1500
6037.000 # 1500
6037.000 # 1500
6037.000 # 1500
6037.000 # 1500
6037.000 # 1500
6037.000 # 1500
6037.000 # 1500
6037.000 # 1500
6037.000 # 1500
6037.000 # 1500
6037.000 # 1500
6037.000 # 1500
6037.000 # 1500
6037.000 # 1500
6037.000 # 1500
6037.000 # 1500
6037.000 # 1500
6037.000 # 1500
6037.000 # 1500
6037.000 # 1500
6037.000 # 1500
6037.000 # 1500
6037.000 # 1500
6037.000 # 1500
6037.000 # 1500
6037.000 # 1500
6037.000 # 1500
6037.000 # 1500
6037.000 # 1500
6037.000 # 1500
6037.000 # 1500
6037.000 # 1500
6037.000 # 1500
6037.000 # 1500
6037.000 # 1500
6039.370 - 96 972.979 1
6081.849 + 96 1
7037.000 # 1500
7037.000 # 1500
7037.000 # 1500
7037.000 # 1500
7037.000 # 1500
7037.000 # 1500
7037.000 # 1500
7037.000 # 1500
7037.000 # 1500
7037.000 # 1500
7037.000 # 1500
7037.000 # 1500
7037.000 # 1500
7037.000 # 1500
7037.000 # 1500
7037.000 # 1500
7037.000 # 1500
7037.000 # 1500
7037.000 # 1500
7037.000 # 1500
7037.000 # 1500
7037.000 # 1500
7037.000 # 1500
7037.000 # 1500
7037.000 # 1500
7037.000 # 1500
7037.000 # 1500
7037.000 # 1500
7037.000 # 1500
7037.000 # 1500
7037.000 # 1500
7037.000 # 1500
7037.000 # 1500
7037.000 # 1500
7037.000 # 1500
7037.000 # 1500
7037.000 # 1500
7037.000 # 1500
7037.000 # 1500
7037.000 # 1500
7037.000 # 1500
7037.000 # 1500
7037.000 # 1500
7037.000 # 1500
7037.000 # 1500
7037.000 # 1500
7037.000 # 1500
7037.000 # 1500
7037.000 # 1500
7037.000 # 1500
7037.000 # 1500
7037.000 # 1500
7037.000 # 1500
7037.000 # 1500
7037.000 # 1500
7037.000 # 1500
7037.000 # 1500
7037.000 # 1500
7037.000 # 1500
7037.000 # 1500
7040.298 - 96 958.449 1
7040.527 + 88 1
7041.584 + 1500 1
7041.807 + 1500 1
7041.846 + 1500 1
7041.861 + 1500 1
7041.875 + 1500 1
7041.887 + 1500 1
7041.901 + 1500 1
7041.914 + 1500 1
7041.928 + 1500 1
7041.939 + 1500 1
8037.000 # 1500
8037.000 # 1500
8037.000 # 1500
8037.000 # 1500
8037.000 # 1500
8037.000 # 1500
8037.000 # 1500
8037.000 # 1500
8037.000 # 1500
8037.000 # 1500
8037.000 # 1500
8037.000 # 1500
8037.000 # 1500
8037.000 # 1500
8037.000 # 1500
8037.000 # 1500
8037.000 # 1500
8037.000 # 1500
8037.000 # 1500
8037.000 # 1500
8037.000 # 1500
8037.000 # 1500
8037.000 # 1500
8037.000 # 1500
8037.000 # 1500
8037.000 # 1500
8037.000 # 1500
8037.000 # 1500
8037.000 # 1500
8037.000 # 1500
8037.000 # 1500
8037.000 # 1500
8037.000 # 1500
8037.000 # 1500
8037.000 # 1500
8037.000 # 1500
8037.000 # 1500
8037.000 # 1500
8037.000 # 1500
8037.000 # 1500
8037.000 # 1500
8037.000 # 1500
8037.000 # 1500
8037.000 # 1500
8037.000 # 1500
8037.000 # 1500
8037.000 # 1500
8037.000 # 1500
8037.000 # 1500
8037.000 # 1500
8037.000 # 1500
8037.000 # 1500
8037.000 # 1500
8037.000 # 1500
8037.000 # 1500
8037.000 # 1500
8037.000 # 1500
8037.000 # 1500
8037.000 # 1500
8037.000 # 1500
8039.177 - 88 998.650 1
8039.364 - 1500 997.780 1
8039.406 + 88 1
8039.508 - 1500 997.701 1
8039.543 - 1500 997.697 1
8039.558 - 1500 997.697 1
8039.572 - 1500 997.697 1
8039.799 - 1500 997.912 1
8039.818 - 1500 997.917 1
8039.834 - 1500 997.920 1
8039.943 - 1500 998.015 1
8039.984 - 1500 998.045 1
9037.000 # 1500
9037.000 # 1500
9037.000 # 1500
9037.000 # 1500
9037.000 # 1500
9037.000 # 1500
9037.000 # 1500
9037.000 # 1500
9037.000 # 1500
9037.000 # 1500
9037.000 # 1500
9037.000 # 1500
9037.000 # 1500
9037.000 # 1500
9037.000 # 1500
9037.000 # 1500
9037.000 # 1500
9037.000 # 1500
9037.000 # 1500
9037.000 # 1500
9037.000 # 1500
9037.000 # 1500
9037.000 # 1500
9037.000 # 1500
9037.000 # 1500
9037.000 # 1500
9037.000 # 1500
9037.000 # 1500
9037.000 # 1500
9037.000 # 1500
9037.000 # 1500
9037.000 # 1500
9037.000 # 1500
9037.000 # 1500
9037.000 # 1500
9037.000 # 1500
9037.000 # 1500
9037.000 # 1500
9037.000 # 1500
9037.000 # 1500
9037.000 # 1500
9037.000 # 1500
9037.000 # 1500
9037.000 # 1500
9037.000 # 1500
9037.000 # 1500
9037.000 # 1500
9037.000 # 1500
9037.000 # 1500
9037.000 # 1500
9037.000 # 1500
9037.000 # 1500
9037.000 # 1500
9037.000 # 1500
9037.000 # 1500
9037.000 # 1500
9037.000 # 1500
9037.000 # 1500
9037.000 # 1500
9037.000 # 1500
9040.661 + 1500 1
9040.709 + 1500 1
9040.737 + 1500 1
9040.948 + 1500 1
9040.981 + 1500 1
9041.008 + 1500 1
9041.036 + 1500 1
9041.062 + 1500 1
9041.090 + 1500 1
9041.119 + 1500 1
9041.131 + 1500 1
9041.141 + 1500 1
9041.165 + 1500 1
9041.168 - 88 1001.762 1
9041.176 + 1500 1
9041.187 + 1500 1
9041.197 + 1500 1
9041.208 + 1500 1
9041.219 + 1500 1
9041.230 + 1500 1
9041.240 + 1500 1
10037.000 # 1500
10037.000 # 1500
10037.000 # 1500
10037.000 # 1500
10037.000 # 1500
10037.000 # 1500
10037.000 # 1500
10037.000 # 1500
10037.000 # 1500
10037.000 # 1500
10037.000 # 1500
10037.000 # 1500
10037.000 # 1500
10037.000 # 1500
10037.000 # 1500
10037.000 # 1500
10037.000 # 1500
10037.000 # 1500
10037.000 # 1500
10037.000 # 1500
10037.000 # 1500
10037.000 # 1500
10037.000 # 1500
10037.000 # 1500
10037.000 # 1500
10037.000 # 1500
10037.000 # 1500
10037.000 # 1500
10037.000 # 1500
10037.000 # 1500
10037.000 # 1500
10037.000 # 1500
10037.000 # 1500
10037.000 # 1500
10037.000 # 1500
10037.000 # 1500
10037.000 # 1500
10037.000 # 1500
10037.000 # 1500
10037.000 # 1500
10037.000 # 1500
10037.000 # 1500
10037.000 # 1500
10037.000 # 1500
10037.000 # 1500
10037.000 # 1500
10037.000 # 1500
10037.000 # 1500
10037.000 # 1500
10037.000 # 1500
10037.000 # 1500
10037.000 # 1500
10037.000 # 1500
10037.000 # 1500
10037.000 # 1500
10037.000 # 1500
10037.000 # 1500
10037.000 # 1500
10037.000 # 1500
10037.000 # 1500
10039.986 - 1500 999.325 1
10040.376 - 1500 999.667 1
10040.555 - 1500 999.818 1
10040.589 - 1500 999.641 1
10040.614 - 1500 999.633 1
10040.638 - 1500 999.630 1
10040.662 - 1500 999.626 1
10040.676 - 1500 999.614 1
10040.688 - 1500 999.598 1
10040.700 - 1500 999.581 1
10040.712 - 1500 999.581 1
10040.723 - 1500 999.582 1
10040.738 - 1500 999.573 1
10040.750 - 1500 999.574 1
10040.763 - 1500 999.576 1
10040.775 - 1500 999.578 1
10040.787 - 1500 999.579 1
10040.799 - 1500 999.580 1
10040.811 - 1500 999.581 1
10040.823 - 1500 999.583 1
11037.000 # 1500
11037.000 # 1500
11037.000 # 1500
11037.000 # 1500
11037.000 # 1500
11037.000 # 1500
11037.000 # 1500
11037.000 # 1500
11037.000 # 1500
11037.000 # 1500
11037.000 # 1500
11037.000 # 1500
11037.000 # 1500
11037.000 # 1500
11037.000 # 1500
11037.000 # 1500
11037.000 # 1500
11037.000 # 1500
11037.000 # 1500
11037.000 # 1500
11037.000 # 1500
11037.000 # 1500
11037.000 # 1500
11037.000 # 1500
11037.000 # 1500
11037.000 # 1500
11037.000 # 1500
11037.000 # 1500
11037.000 # 1500
11037.000 # 1500
11037.000 # 1500
11037.000 # 1500
11037.000 # 1500
11037.000 # 1500
11037.000 # 1500
11037.000 # 1500
11037.000 # 1500
11037.000 # 1500
11037.000 # 1500
11037.000 # 1500
11037.000 # 1500
11037.000 # 1500
11037.000 # 1500
11037.000 # 1500
11037.000 # 1500
11037.000 # 1500
11037.000 # 1500
11037.000 # 1500
11037.000 # 1500
11037.000 # 1500
11037.000 # 1500
11037.000 # 1500
11037.000 # 1500
11037.000 # 1500
11037.000 # 1500
11037.000 # 1500
11037.000 # 1500
11037.000 # 1500
11037.000 # 1500
11037.000 # 1500
11039.203 + 1500 1
11039.232 + 1500 1
11039.249 + 1500 1
11039.265 + 1500 1
11039.280 + 1500 1
11039.295 + 1500 1
11039.339 + 1500 1
11039.352 + 1500 1
11039.358 + 1500 1
11039.365 + 1500 1
11039.371 + 1500 1
11039.377 + 1500 1
11039.383 + 1500 1
11039.389 + 1500 1
11039.395 + 1500 1
11039.401 + 1500 1
11039.407 + 1500 1
11039.413 + 1500 1
11039.423 + 1500 1
11039.429 + 1500 1
11039.628 + 1500 1
11039.648 + 1500 1
11039.655 + 1500 1
11039.661 + 1500 1
11039.667 + 1500 1
11039.673 + 1500 1
11039.766 + 1500 1
11039.774 + 1500 1
11039.780 + 1500 1
11039.786 + 1500 1
11039.792 + 1500 1
11039.798 + 1500 1
11039.804 + 1500 1
11039.810 + 1500 1
11039.816 + 1500 1
11039.822 + 1500 1
11039.829 + 1500 1
11039.835 + 1500 1
11039.841 + 1500 1
11039.850 + 1500 1
12037.000 # 1500
12037.000 # 1500
12037.000 # 1500
12037.000 # 1500
12037.000 # 1500
12037.000 # 1500
12037.000 # 1500
12037.000 # 1500
12037.000 # 1500
12037.000 # 1500
12037.000 # 1500
12037.000 # 1500
12037.000 # 1500
12037.000 # 1500
12037.000 # 1500
12037.000 # 1500
12037.000 # 1500
12037.000 # 1500
12037.000 # 1500
12037.000 # 1500
12037.000 # 1500
12037.000 # 1500
12037.000 # 1500
12037.000 # 1500
12037.000 # 1500
12037.000 # 1500
12037.000 # 1500
12037.000 # 1500
12037.000 # 1500
12037.000 # 1500
12037.000 # 1500
12037.000 # 1500
12037.000 # 1500
12037.000 # 1500
12037.000 # 1500
12037.000 # 1500
12037.000 # 1500
12037.000 # 1500
12037.000 # 1500
12037.000 # 1500
12037.000 # 1500
12037.000 # 1500
12037.000 # 1500
12037.000 # 1500
12037.000 # 1500
12037.000 # 1500
12037.000 # 1500
12037.000 # 1500
12037.000 # 1500
12037.000 # 1500
12037.000 # 1500
12037.000 # 1500
12037.000 # 1500
12037.000 # 1500
12037.000 # 1500
12037.000 # 1500
12037.000 # 1500
12037.000 # 1500
12037.000 # 1500
12037.000 # 1500
12039.172 - 1500 999.969 1
12039.256 - 1500 1000.024 1
12039.270 - 1500 1000.021 1
12039.274 - 1500 1000.009 1
12039.278 - 1500 999.998 1
12039.282 - 1500 999.987 1
12039.286 - 1500 999.947 1
12039.290 - 1500 999.938 1
12039.293 - 1500 999.935 1
12039.297 - 1500 999.932 1
12039.301 - 1500 999.930 1
12039.305 - 1500 999.928 1
12039.309 - 1500 999.926 1
12039.312 - 1500 999.923 1
12039.316 - 1500 999.921 1
12039.320 - 1500 999.919 1
12039.324 - 1500 999.917 1
12039.328 - 1500 999.915 1
12039.332 - 1500 999.909 1
12039.336 - 1500 999.907 1
12039.339 - 1500 999.711 1
12039.343 - 1500 999.695 1
12039.347 - 1500 999.692 1
12039.351 - 1500 999.690 1
12039.355 - 1500 999.688 1
12039.358 - 1500 999.685 1
12039.362 - 1500 999.596 1
12039.366 - 1500 999.592 1
12039.369 - 1500 999.589 1
12039.373 - 1500 999.587 1
12039.377 - 1500 999.585 1
12039.381 - 1500 999.583 1
12039.385 - 1500 999.581 1
12039.389 - 1500 999.579 1
12039.393 - 1500 999.577 1
12039.397 - 1500 999.575 1
12039.401 - 1500 999.572 1
12039.405 - 1500 999.570 1
12039.409 - 1500 999.568 1
12039.413 - 1500 999.563 1
13037.000 # 1500
13037.000 # 1500
13037.000 # 1500
13037.000 # 1500
13037.000 # 1500
13037.000 # 1500
13037.000 # 1500
13037.000 # 1500
13037.000 # 1500
13037.000 # 1500
13037.000 # 1500
13037.000 # 1500
13037.000 # 1500
13037.000 # 1500
13037.000 # 1500
13037.000 # 1500
13037.000 # 1500
13037.000 # 1500
13037.000 # 1500
13037.000 # 1500
13037.000 # 1500
13037.000 # 1500
13037.000 # 1500
13037.000 # 1500
13037.000 # 1500
13037.000 # 1500
13037.000 # 1500
13037.000 # 1500
13037.000 # 1500
13037.000 # 1500
13037.000 # 1500
13037.000 # 1500
13037.000 # 1500
13037.000 # 1500
13037.000 # 1500
13037.000 # 1500
13037.000 # 1500
13037.000 # 1500
13037.000 # 1500
13037.000 # 1500
13037.000 # 1500
13037.000 # 1500
13037.000 # 1500
13037.000 # 1500
13037.000 # 1500
13037.000 # 1500
13037.000 # 1500
13037.000 # 1500
13037.000 # 1500
13037.000 # 1500
13037.000 # 1500
13037.000 # 1500
13037.000 # 1500
13037.000 # 1500
13037.000 # 1500
13037.000 # 1500
13037.000 # 1500
13037.000 # 1500
13037.000 # 1500
13037.000 # 1500
13039.252 + 1500 1
13039.391 + 1500 1
13039.414 + 1500 1
13039.424 + 1500 1
13039.432 + 1500 1
13039.441 + 1500 1
13039.449 + 1500 1
13039.457 + 1500 1
13039.466 + 1500 1
13039.474 + 1500 1
13039.482 + 1500 1
13039.491 + 1500 1
13039.499 + 1500 1
13039.507 + 1500 1
13039.515 + 1500 1
13039.523 + 1500 1
13039.531 + 1500 1
13039.540 + 1500 1
13039.549 + 1500 1
13039.558 + 1500 1
13039.566 + 1500 1
13039.574 + 1500 1
13039.582 + 1500 1
13039.590 + 1500 1
13039.598 + 1500 1
13039.607 + 1500 1
13039.615 + 1500 1
13039.623 + 1500 1
13039.632 + 1500 1
13039.640 + 1500 1
13039.648 + 1500 1
13039.656 + 1500 1
13039.665 + 1500 1
13039.674 + 1500 1
13039.684 + 1500 1
13039.693 + 1500 1
13039.701 + 1500 1
13039.710 + 1500 1
13039.719 + 1500 1
13039.727 + 1500 1
13039.734 + 1500 1
13039.741 + 1500 1
13039.749 + 1500 1
13039.756 + 1500 1
13039.764 + 1500 1
14037.000 # 1500
14037.000 # 1500
14037.000 # 1500
14037.000 # 1500
14037.000 # 1500
14037.000 # 1500
14037.000 # 1500
14037.000 # 1500
14037.000 # 1500
14037.000 # 1500
14037.000 # 1500
14037.000 # 1500
14037.000 # 1500
14037.000 # 1500
14037.000 # 1500
14037.000 # 1500
14037.000 # 1500
14037.000 # 1500
14037.000 # 1500
14037.000 # 1500
14037.000 # 1500
14037.000 # 1500
14037.000 # 1500
14037.000 # 1500
14037.000 # 1500
14037.000 # 1500
14037.000 # 1500
14037.000 # 1500
14037.000 # 1500
14037.000 # 1500
14037.000 # 1500
14037.000 # 1500
14037.000 # 1500
14037.000 # 1500
14037.000 # 1500
14037.000 # 1500
14037.000 # 1500
14037.000 # 1500
14037.000 # 1500
14037.000 # 1500
14037.000 # 1500
14037.000 # 1500
14037.000 # 1500
14037.000 # 1500
14037.000 # 1500
14037.000 # 1500
14037.000 # 1500
14037.000 # 1500
14037.000 # 1500
14037.000 # 1500
14037.000 # 1500
14037.000 # 1500
14037.000 # 1500
14037.000 # 1500
14037.000 # 1500
14037.000 # 1500
14037.000 # 1500
14037.000 # 1500
14037.000 # 1500
14037.000 # 1500
14039.432 - 1500 1000.180 1
14039.476 - 1500 1000.085 1
14039.482 - 1500 1000.068 1
14039.770 - 1500 1000.346 1
14039.797 - 1500 1000.365 1
14039.806 - 1500 1000.365 1
14039.814 - 1500 1000.365 1
14039.824 - 1500 1000.367 1
14039.832 - 1500 1000.366 1
14039.841 - 1500 1000.367 1
14039.854 - 1500 1000.372 1
14039.862 - 1500 1000.371 1
14039.869 - 1500 1000.370 1
14039.876 - 1500 1000.369 1
14039.884 - 1500 1000.369 1
14039.940 - 1500 1000.417 1
14039.951 - 1500 1000.420 1
14039.959 - 1500 1000.419 1
14039.967 - 1500 1000.418 1
14039.974 - 1500 1000.416 1
14039.981 - 1500 1000.415 1
14039.989 - 1500 1000.415 1
14040.038 - 1500 1000.456 1
14040.049 - 1500 1000.459 1
14040.056 - 1500 1000.458 1
14040.063 - 1500 1000.456 1
14040.071 - 1500 1000.456 1
14040.078 - 1500 1000.455 1
14040.085 - 1500 1000.453 1
14040.092 - 1500 1000.452 1
14040.099 - 1500 1000.451 1
14040.105 - 1500 1000.449 1
14040.113 - 1500 1000.448 1
14040.120 - 1500 1000.446 1
14040.127 - 1500 1000.443 1
14040.133 - 1500 1000.440 1
14040.140 - 1500 1000.439 1
14040.147 - 1500 1000.437 1
14040.155 - 1500 1000.436 1
14040.162 - 1500 1000.435 1
14040.169 - 1500 1000.435 1
14040.173 - 1500 1000.432 1
14040.176 - 1500 1000.427 1
14040.183 - 1500 1000.427 1
14040.233 - 1500 1000.469 1
15037.000 # 1500
15037.000 # 1500
15037.000 # 1500
15037.000 # 1500
15037.000 # 1500
15037.000 # 1500
15037.000 # 1500
15037.000 # 1500
15037.000 # 1500
15037.000 # 1500
15037.000 # 1500
15037.000 # 1500
15037.000 # 1500
15037.000 # 1500
15037.000 # 1500
15037.000 # 1500
15037.000 # 1500
15037.000 # 1500
15037.000 # 1500
15037.000 # 1500
15037.000 # 1500
15037.000 # 1500
15037.000 # 1500
15037.000 # 1500
15037.000 # 1500
15037.000 # 1500
15037.000 # 1500
15037.000 # 1500
15037.000 # 1500
15037.000 # 1500
15037.000 # 1500
15037.000 # 1500
15037.000 # 1500
15037.000 # 1500
15037.000 # 1500
15037.000 # 1500
15037.000 # 1500
15037.000 # 1500
15037.000 # 1500
15037.000 # 1500
15037.000 # 1500
15037.000 # 1500
15037.000 # 1500
15037.000 # 1500
15037.000 # 1500
15037.000 # 1500
15037.000 # 1500
15037.000 # 1500
15037.000 # 1500
15037.000 # 1500
15037.000 # 1500
15037.000 # 1500
15037.000 # 1500
15037.000 # 1500
15037.000 # 1500
15037.000 # 1500
15037.000 # 1500
15037.000 # 1500
15037.000 # 1500
15037.000 # 1500
15040.264 + 1500 1
15040.475 + 1500 1
15040.510 + 1500 1
15040.536 + 1500 1
15040.565 + 1500 1
15040.591 + 1500 1
15040.625 + 1500 1
15040.652 + 1500 1
15040.678 + 1500 1
15040.708 + 1500 1
15040.737 + 1500 1
15040.765 + 1500 1
15040.789 + 1500 1
15040.818 + 1500 1
15040.847 + 1500 1
15041.016 + 1500 1
15041.065 + 1500 1
15041.098 + 1500 1
15041.133 + 1500 1
15041.164 + 1500 1
15041.400 + 1500 1
15041.655 + 1500 1
15041.872 + 1500 1
15041.914 + 1500 1
15041.943 + 1500 1
15041.962 + 1500 1
15041.981 + 1500 1
15042.004 + 1500 1
15042.020 + 1500 1
15042.040 + 1500 1
15042.057 + 1500 1
15042.075 + 1500 1
15042.101 + 1500 1
15042.209 + 1500 1
15042.248 + 1500 1
15042.279 + 1500 1
15042.417 + 1500 1
15042.541 + 1500 1
15042.566 + 1500 1
15042.586 + 1500 1
15042.603 + 1500 1
15042.619 + 1500 1
15042.639 + 1500 1
15042.646 + 1500 1
15042.653 + 1500 1
15042.670 + 1500 1
15042.673 + 1500 1
15042.679 + 1500 1
15042.697 + 1500 1
15042.701 + 1500 1
15042.705 + 1500 1
15042.708 + 1500 1
15042.719 + 1500 1
15042.724 + 1500 1
15042.728 + 1500 1
15042.732 + 1500 1
15042.736 + 1500 1
15042.740 + 1500 1
15042.744 + 1500 1
15042.748 + 1500 1
15042.752 + 1500 1
15042.756 + 1500 1
15042.760 + 1500 1
15042.764 + 1500 1
15042.769 + 1500 1
15042.773 + 1500 1
15042.777 + 1500 1
15042.781 + 1500 1
15042.784 + 1500 1
15042.788 + 1500 1
15042.792 + 1500 1
15042.796 + 1500 1
15042.800 + 1500 1
15042.804 + 1500 1
15042.808 + 1500 1
15042.812 + 1500 1
15042.816 + 1500 1
15042.820 + 1500 1
15042.823 + 1500 1
15042.827 + 1500 1
15042.832 + 1500 1
15042.836 + 1500 1
15042.840 + 1500 1
15042.843 + 1500 1
15042.847 + 1500 1
15042.851 + 1500 1
15042.855 + 1500 1
15042.859 + 1500 1
15042.863 + 1500 1
15042.867 + 1500 1
15042.871 + 1500 1
15042.875 + 1500 1
15042.878 + 1500 1
15042.882 + 1500 1
15042.886 + 1500 1
15042.890 + 1500 1
15042.894 + 1500 1
15042.898 + 1500 1
15042.903 + 1500 1
15042.907 + 1500 1
15042.910 + 1500 1
15042.914 + 1500 1
15042.918 + 1500 1
15042.922 + 1500 1
15042.926 + 1500 1
15042.929 + 1500 1
15042.933 + 1500 1
15042.937 + 1500 1
15042.941 + 1500 1
15042.945 + 1500 1
15042.949 + 1500 1
15042.953 + 1500 1
15042.957 + 1500 1
15042.961 + 1500 1
15042.964 + 1500 1
15042.968 + 1500 1
15042.972 + 1500 1
15043.018 + 1500 1
15043.025 + 1500 1
15043.029 + 1500 1
15043.032 + 1500 1
15043.036 + 1500 1
15043.040 + 1500 1
15043.043 + 1500 1
15043.047 + 1500 1
16037.000 # 1500
16037.000 # 1500
16037.000 # 1500
16037.000 # 1500
16037.000 # 1500
16037.000 # 1500
16037.000 # 1500
16037.000 # 1500
16037.000 # 1500
16037.000 # 1500
16037.000 # 1500
16037.000 # 1500
16037.000 # 1500
16037.000 # 1500
16037.000 # 1500
16037.000 # 1500
16037.000 # 1500
16037.000 # 1500
16037.000 # 1500
16037.000 # 1500
16037.000 # 1500
16037.000 # 1500
16037.000 # 1500
16037.000 # 1500
16037.000 # 1500
16037.000 # 1500
16037.000 # 1500
16037.000 # 1500
16037.000 # 1500
16037.000 # 1500
16037.000 # 1500
16037.000 # 1500
16037.000 # 1500
16037.000 # 1500
16037.000 # 1500
16037.000 # 1500
16037.000 # 1500
16037.000 # 1500
16037.000 # 1500
16037.000 # 1500
16037.000 # 1500
16037.000 # 1500
16037.000 # 1500
16037.000 # 1500
16037.000 # 1500
16037.000 # 1500
16037.000 # 1500
16037.000 # 1500
16037.000 # 1500
16037.000 # 1500
16037.000 # 1500
16037.000 # 1500
16037.000 # 1500
16037.000 # 1500
16037.000 # 1500
16037.000 # 1500
16037.000 # 1500
16037.000 # 1500
16037.000 # 1500
16037.000 # 1500
16039.503 - 1500 999.239 1
16039.638 - 1500 999.163 1
16039.654 - 1500 999.144 1
16039.664 - 1500 999.128 1
16039.674 - 1500 999.109 1
16039.685 - 1500 999.094 1
16039.695 - 1500 999.070 1
16039.705 - 1500 999.053 1
16039.716 - 1500 999.038 1
16039.726 - 1500 999.018 1
16039.735 - 1500 998.998 1
16039.745 - 1500 998.980 1
16039.755 - 1500 998.966 1
16039.765 - 1500 998.947 1
16039.775 - 1500 998.928 1
16039.785 - 1500 998.769 1
16039.966 - 1500 998.901 1
16039.985 - 1500 998.887 1
16039.996 - 1500 998.863 1
16040.006 - 1500 998.842 1
16040.017 - 1500 998.617 1
16040.028 - 1500 998.373 1
16040.039 - 1500 998.167 1
16040.049 - 1500 998.135 1
16040.060 - 1500 998.117 1
16040.130 - 1500 998.168 1
16040.154 - 1500 998.173 1
16040.167 - 1500 998.163 1
16040.179 - 1500 998.159 1
16040.190 - 1500 998.150 1
16040.200 - 1500 998.143 1
16040.210 - 1500 998.135 1
16040.220 - 1500 998.119 1
16040.231 - 1500 998.022 1
16040.241 - 1500 997.993 1
16040.251 - 1500 997.972 1
16040.321 - 1500 997.904 1
16040.345 - 1500 997.804 1
16040.357 - 1500 997.791 1
16040.369 - 1500 997.783 1
16040.379 - 1500 997.776 1
16040.389 - 1500 997.770 1
16040.400 - 1500 997.761 1
16040.410 - 1500 997.764 1
16040.420 - 1500 997.767 1
16040.430 - 1500 997.760 1
16040.441 - 1500 997.768 1
16040.450 - 1500 997.771 1
16040.460 - 1500 997.763 1
16040.470 - 1500 997.769 1
16040.480 - 1500 997.775 1
16040.491 - 1500 997.783 1
16040.501 - 1500 997.782 1
16040.510 - 1500 997.786 1
16040.533 - 1500 997.805 1
16040.543 - 1500 997.811 1
16040.553 - 1500 997.817 1
16040.563 - 1500 997.823 1
16040.574 - 1500 997.830 1
16040.584 - 1500 997.836 1
17037.000 # 1500
17037.000 # 1500
17037.000 # 1500
17037.000 # 1500
17037.000 # 1500
17037.000 # 1500
17037.000 # 1500
17037.000 # 1500
17037.000 # 1500
17037.000 # 1500
17037.000 # 1500
17037.000 # 1500
17037.000 # 1500
17037.000 # 1500
17037.000 # 1500
17037.000 # 1500
17037.000 # 1500
17037.000 # 1500
17037.000 # 1500
17037.000 # 1500
17037.000 # 1500
17037.000 # 1500
17037.000 # 1500
17037.000 # 1500
17037.000 # 1500
17037.000 # 1500
17037.000 # 1500
17037.000 # 1500
17037.000 # 1500
17037.000 # 1500
17037.000 # 1500
17037.000 # 1500
17037.000 # 1500
17037.000 # 1500
17037.000 # 1500
17037.000 # 1500
17037.000 # 1500
17037.000 # 1500
17037.000 # 1500
17037.000 # 1500
17037.000 # 1500
17037.000 # 1500
17037.000 # 1500
17037.000 # 1500
17037.000 # 1500
17037.000 # 1500
17037.000 # 1500
17037.000 # 1500
17037.000 # 1500
17037.000 # 1500
17037.000 # 1500
17037.000 # 1500
17037.000 # 1500
17037.000 # 1500
17037.000 # 1500
17037.000 # 1500
17037.000 # 1500
17037.000 # 1500
17037.000 # 1500
17037.000 # 1500
17037.882 - 1500 1995.130 1
17038.027 - 1500 1995.271 1
17038.039 - 1500 1995.279 1
17038.047 - 1500 1995.283 1
17038.055 - 1500 1995.286 1
17038.063 - 1500 1995.290 1
17038.070 - 1500 1995.293 1
17038.079 - 1500 1995.298 1
17038.087 - 1500 1995.303 1
17038.095 - 1500 1995.307 1
17038.105 - 1500 1995.313 1
17038.113 - 1500 1995.317 1
17038.121 - 1500 1995.321 1
17038.129 - 1500 1995.325 1
17038.137 - 1500 1995.329 1
17038.145 - 1500 1995.333 1
17038.153 - 1500 1995.337 1
17038.161 - 1500 1995.341 1
17038.168 - 1500 1995.345 1
17038.176 - 1500 1995.349 1
17038.184 - 1500 1995.352 1
17038.193 - 1500 1995.357 1
17038.201 - 1500 1995.361 1
17038.209 - 1500 1995.366 1
17038.216 - 1500 1995.369 1
17038.224 - 1500 1995.373 1
17038.232 - 1500 1995.377 1
17038.241 - 1500 1995.382 1
17038.249 - 1500 1995.386 1
17038.257 - 1500 1995.390 1
17038.264 - 1500 1995.393 1
17038.272 - 1500 1995.397 1
17038.280 - 1500 1995.402 1
17038.283 - 1500 1995.401 1
17038.287 - 1500 1995.401 1
17038.291 - 1500 1995.401 1
17038.294 - 1500 1995.400 1
17038.298 - 1500 1995.400 1
17038.306 - 1500 1995.403 1
17038.314 - 1500 1995.407 1
17038.325 - 1500 1995.415 1
17038.334 - 1500 1995.420 1
17038.342 - 1500 1995.424 1
17038.350 - 1500 1995.428 1
17038.358 - 1500 1995.432 1
17038.366 - 1500 1995.437 1
17038.374 - 1500 1995.441 1
17038.381 - 1500 1995.444 1
17038.389 - 1500 1995.448 1
17038.397 - 1500 1995.452 1
17038.405 - 1500 1995.456 1
17038.413 - 1500 1995.460 1
17038.420 - 1500 1995.463 1
17038.428 - 1500 1995.467 1
17038.436 - 1500 1995.472 1
17038.444 - 1500 1995.476 1
17038.454 - 1500 1995.482 1
17038.462 - 1500 1995.444 1
17038.470 - 1500 1995.445 1
17038.477 - 1500 1995.448 1
17038.815 + 1500 1
17038.834 + 1500 1
17038.843 + 1500 1
17038.868 + 1500 1
17038.878 + 1500 1
17038.887 + 1500 1
17038.896 + 1500 1
17038.906 + 1500 1
17038.916 + 1500 1
17038.925 + 1500 1
17038.934 + 1500 1
17038.944 + 1500 1
17038.953 + 1500 1
17038.963 + 1500 1
17038.972 + 1500 1
17039.013 + 1500 1
17039.026 + 1500 1
17039.035 + 1500 1
17039.043 + 1500 1
17039.052 + 1500 1
17039.060 + 1500 1
17039.183 + 1500 1
17039.197 + 1500 1
17039.207 + 1500 1
17039.852 + 1500 1
17039.931 + 1500 1
17040.015 + 1500 1
17040.055 + 1500 1
17040.069 + 1500 1
17040.080 + 1500 1
17040.090 + 1500 1
17040.100 + 1500 1
17040.109 + 1500 1
17040.120 + 1500 1
17040.129 + 1500 1
17040.139 + 1500 1
17040.149 + 1500 1
17040.158 + 1500 1
17040.167 + 1500 1
17040.178 + 1500 1
17040.187 + 1500 1
17040.196 + 1500 1
17040.205 + 1500 1
17040.215 + 1500 1
17040.227 + 1500 1
17040.242 + 1500 1
17040.254 + 1500 1
17040.265 + 1500 1
17040.278 + 1500 1
17040.288 + 1500 1
17040.298 + 1500 1
17040.308 + 1500 1
17040.317 + 1500 1
17040.327 + 1500 1
17040.336 + 1500 1
17040.345 + 1500 1
17040.355 + 1500 1
17040.364 + 1500 1
17040.373 + 1500 1
17040.383 + 1500 1
17040.387 + 1500 1
17040.391 + 1500 1
17040.395 + 1500 1
17040.399 + 1500 1
17040.404 + 1500 1
17040.412 + 1500 1
17040.415 + 1500 1
17040.419 + 1500 1
17040.423 + 1500 1
17040.426 + 1500 1
17040.436 + 1500 1
17040.439 + 1500 1
17040.442 + 1500 1
17040.446 + 1500 1
17040.466 + 1500 1
17040.469 + 1500 1
17040.473 + 1500 1
17040.476 + 1500 1
17040.480 + 1500 1
17040.483 + 1500 1
17040.487 + 1500 1
17040.493 + 1500 1
17040.496 + 1500 1
17040.500 + 1500 1
17040.504 + 1500 1
17040.507 + 1500 1
17040.511 + 1500 1
17040.514 + 1500 1
17040.518 + 1500 1
17040.522 + 1500 1
17040.526 + 1500 1
17040.529 + 1500 1
17040.533 + 1500 1
17040.537 + 1500 1
17040.540 + 1500 1
17040.544 + 1500 1
17040.548 + 1500 1
17040.557 + 1500 1
17040.561 + 1500 1
17040.565 + 1500 1
17040.569 + 1500 1
17040.573 + 1500 1
17040.576 + 1500 1
17040.580 + 1500 1
17040.583 + 1500 1
17040.593 + 1500 1
17040.596 + 1500 1
17040.600 + 1500 1
17040.604 + 1500 1
17040.608 + 1500 1
17040.612 + 1500 1
17040.616 + 1500 1
17040.619 + 1500 1
17040.631 + 1500 1
17040.636 + 1500 1
17040.642 + 1500 1
17040.653 + 1500 1
17040.657 + 1500 1
17040.660 + 1500 1
17040.664 + 1500 1
18037.000 # 1500
18037.000 # 1500
18037.000 # 1500
18037.000 # 1500
18037.000 # 1500
18037.000 # 1500
18037.000 # 1500
18037.000 # 1500
18037.000 # 1500
18037.000 # 1500
18037.000 # 1500
18037.000 # 1500
18037.000 # 1500
18037.000 # 1500
18037.000 # 1500
18037.000 # 1500
18037.000 # 1500
18037.000 # 1500
18037.000 # 1500
18037.000 # 1500
18037.000 # 1500
18037.000 # 1500
18037.000 # 1500
18037.000 # 1500
18037.000 # 1500
18037.000 # 1500
18037.000 # 1500
18037.000 # 1500
18037.000 # 1500
18037.000 # 1500
18037.000 # 1500
18037.000 # 1500
18037.000 # 1500
18037.000 # 1500
18037.000 # 1500
18037.000 # 1500
18037.000 # 1500
18037.000 # 1500
18037.000 # 1500
18037.000 # 1500
18037.000 # 1500
18037.000 # 1500
18037.000 # 1500
18037.000 # 1500
18037.000 # 1500
18037.000 # 1500
18037.000 # 1500
18037.000 # 1500
18037.000 # 1500
18037.000 # 1500
18037.000 # 1500
18037.000 # 1500
18037.000 # 1500
18037.000 # 1500
18037.000 # 1500
18037.000 # 1500
18037.000 # 1500
18037.000 # 1500
18037.000 # 1500
18037.000 # 1500
18040.959 - 1500 2997.927 1
18041.250 - 1500 2998.214 1
18041.282 - 1500 2998.242 1
18041.325 - 1500 2998.282 1
18041.348 - 1500 2998.301 1
18041.370 - 1500 1002.555 1
18041.392 - 1500 1002.558 1
18041.413 - 1500 1002.570 1
18041.435 - 1500 1002.567 1
18041.456 - 1500 1002.578 1
18041.478 - 1500 1002.591 1
18041.499 - 1500 1002.603 1
18041.520 - 1500 1002.614 1
18041.614 - 1500 1002.698 1
18041.647 - 1500 1002.722 1
18041.675 - 1500 1002.741 1
18041.701 - 1500 1002.757 1
18041.732 - 1500 1002.779 1
18041.757 - 1500 1002.794 1
18041.781 - 1500 1002.809 1
18041.805 - 1500 1002.792 1
18041.830 - 1500 1002.804 1
18041.855 - 1500 1002.820 1
18041.881 - 1500 1002.838 1
18041.905 - 1500 1002.853 1
18041.929 - 1500 1002.869 1
18041.953 - 1500 1002.770 1
18041.977 - 1500 1002.780 1
18042.001 - 1500 1002.794 1
18042.030 - 1500 1002.178 1
18042.067 - 1500 1002.136 1
18042.103 - 1500 1002.088 1
18042.115 + 1500 1
18042.133 - 1500 1002.078 1
18042.166 - 1500 1002.097 1
18042.180 + 1500 1
18042.204 - 1500 1002.124 1
18042.219 + 1500 1
18042.234 - 1500 1002.144 1
18042.265 - 1500 1002.165 1
18042.269 + 1500 1
18042.294 - 1500 1002.185 1
18042.311 + 1500 1
18042.323 - 1500 1002.203 1
18042.350 + 1500 1
18042.351 - 1500 1002.222 1
18042.375 + 1500 1
18042.380 - 1500 1002.241 1
18042.399 + 1500 1
18042.410 - 1500 1002.261 1
18042.422 + 1500 1
18042.443 - 1500 1002.285 1
18042.446 + 1500 1
18042.458 - 1500 1002.291 1
18042.473 + 1500 1
18042.473 - 1500 1002.295 1
18042.487 - 1500 1002.300 1
18042.501 - 1500 1002.305 1
18042.553 - 1500 1002.348 1
18042.556 + 1500 1
18042.565 - 1500 1002.350 1
18042.576 - 1500 1002.349 1
18042.583 + 1500 1
18042.599 + 1500 1
18042.599 - 1500 1002.357 1
18042.643 + 1500 1
18042.681 + 1500 1
18042.708 + 1500 1
18042.726 + 1500 1
18042.742 + 1500 1
18042.745 - 1500 1002.491 1
18042.757 + 1500 1
18042.765 - 1500 1002.500 1
18042.776 + 1500 1
18042.779 - 1500 1002.501 1
18042.792 + 1500 1
18042.793 - 1500 1002.505 1
18042.805 - 1500 1002.507 1
18042.806 + 1500 1
18042.818 - 1500 1002.510 1
18042.822 + 1500 1
18042.831 - 1500 1002.514 1
18042.837 + 1500 1
18042.844 - 1500 1002.517 1
18042.852 + 1500 1
18042.856 - 1500 1002.520 1
18042.867 + 1500 1
18042.881 + 1500 1
18042.896 + 1500 1
18042.910 + 1500 1
18042.926 + 1500 1
18042.941 + 1500 1
18042.957 + 1500 1
18042.974 + 1500 1
18042.991 + 1500 1
18043.008 + 1500 1
18043.023 + 1500 1
18043.038 + 1500 1
18043.054 + 1500 1
18043.069 + 1500 1
18043.085 + 1500 1
18043.100 + 1500 1
18043.115 + 1500 1
18043.140 + 1500 1
18043.156 + 1500 1
18043.174 + 1500 1
18043.189 + 1500 1
18043.233 + 1500 1
18043.260 + 1500 1
18043.279 + 1500 1
18043.297 + 1500 1
18043.311 + 1500 1
18043.326 + 1500 1
18043.340 + 1500 1
18043.356 + 1500 1
18043.370 + 1500 1
18043.386 + 1500 1
18043.402 + 1500 1
18043.419 + 1500 1
18043.445 + 1500 1
18043.452 + 1500 1
18043.458 + 1500 1
18043.463 + 1500 1
18043.469 + 1500 1
18043.476 + 1500 1
18043.481 + 1500 1
18043.487 + 1500 1
18043.493 + 1500 1
18043.498 + 1500 1
18043.504 + 1500 1
18043.510 + 1500 1
18043.516 + 1500 1
18043.522 + 1500 1
18043.528 + 1500 1
18043.533 + 1500 1
18043.819 + 1500 1
18043.841 + 1500 1
18043.848 + 1500 1
18043.854 + 1500 1
18043.860 + 1500 1
18043.866 + 1500 1
18043.872 + 1500 1
18043.878 + 1500 1
18043.884 + 1500 1
18043.890 + 1500 1
18043.896 + 1500 1
18043.902 + 1500 1
18043.908 + 1500 1
18043.914 + 1500 1
18043.921 + 1500 1
18043.927 + 1500 1
18043.939 + 1500 1
18043.945 + 1500 1
18043.951 + 1500 1
18043.957 + 1500 1
18043.962 + 1500 1
18043.968 + 1500 1
18043.974 + 1500 1
18043.979 + 1500 1
18043.985 + 1500 1
18043.991 + 1500 1
18043.997 + 1500 1
18044.002 + 1500 1
18044.008 + 1500 1
18044.014 + 1500 1
18044.020 + 1500 1
18044.026 + 1500 1
18044.036 + 1500 1
18044.042 + 1500 1
18044.048 + 1500 1
18044.054 + 1500 1
18044.060 + 1500 1
18044.066 + 1500 1
18044.073 + 1500 1
18044.079 + 1500 1
18044.085 + 1500 1
18044.091 + 1500 1
18044.097 + 1500 1
18044.102 + 1500 1
19037.000 # 1500
19037.000 # 1500
19037.000 # 1500
19037.000 # 1500
19037.000 # 1500
19037.000 # 1500
19037.000 # 1500
19037.000 # 1500
19037.000 # 1500
19037.000 # 1500
19037.000 # 1500
19037.000 # 1500
19037.000 # 1500
19037.000 # 1500
19037.000 # 1500
19037.000 # 1500
19037.000 # 1500
19037.000 # 1500
19037.000 # 1500
19037.000 # 1500
19037.000 # 1500
19037.000 # 1500
19037.000 # 1500
19037.000 # 1500
19037.000 # 1500
19037.000 # 1500
19037.000 # 1500
19037.000 # 1500
19037.000 # 1500
19037.000 # 1500
19037.000 # 1500
19037.000 # 1500
19037.000 # 1500
19037.000 # 1500
19037.000 # 1500
19037.000 # 1500
19037.000 # 1500
19037.000 # 1500
19037.000 # 1500
19037.000 # 1500
19037.000 # 1500
19037.000 # 1500
19037.000 # 1500
19037.000 # 1500
19037.000 # 1500
19037.000 # 1500
19037.000 # 1500
19037.000 # 1500
19037.000 # 1500
19037.000 # 1500
19037.000 # 1500
19037.000 # 1500
19037.000 # 1500
19037.000 # 1500
19037.000 # 1500
19037.000 # 1500
19037.000 # 1500
19037.000 # 1500
19037.000 # 1500
19037.000 # 1500
19038.701 + 1500 1
19038.703 - 1500 1998.358 1
19038.722 + 1500 1
19038.732 + 1500 1
19038.741 + 1500 1
19038.752 + 1500 1
19038.761 + 1500 1
19038.771 + 1500 1
19038.780 + 1500 1
19038.803 + 1500 1
19038.813 + 1500 1
19038.820 - 1500 1998.465 1
19038.822 + 1500 1
19038.831 - 1500 1998.467 1
19038.832 + 1500 1
19038.839 - 1500 1998.466 1
19038.841 + 1500 1
19038.847 - 1500 1998.464 1
19038.855 - 1500 1998.468 1
19038.863 - 1500 1998.472 1
19038.870 - 1500 1998.475 1
19038.878 - 1500 1998.479 1
19038.886 - 1500 1998.482 1
19038.894 - 1500 1998.482 1
19038.901 - 1500 1998.486 1
19038.909 - 1500 1998.490 1
19038.916 - 1500 1998.493 1
19038.924 - 1500 1998.498 1
19038.931 - 1500 1998.495 1
19038.939 - 1500 1998.500 1
19038.948 - 1500 1998.506 1
19038.956 - 1500 1998.510 1
19038.963 - 1500 1998.497 1
19038.968 + 1500 1
19038.971 - 1500 1998.502 1
19038.978 - 1500 1998.505 1
19038.980 + 1500 1
19038.986 - 1500 1998.510 1
19038.990 + 1500 1
19038.994 - 1500 1998.514 1
19039.000 + 1500 1
19039.001 - 1500 1998.518 1
19039.009 + 1500 1
19039.011 - 1500 1998.524 1
19039.019 + 1500 1
19039.019 - 1500 1998.526 1
19039.026 - 1500 1998.530 1
19039.029 + 1500 1
19039.034 - 1500 1998.534 1
19039.040 + 1500 1
19039.041 - 1500 1998.537 1
19039.049 - 1500 1998.542 1
19039.056 - 1500 1998.545 1
19039.062 + 1500 1
19039.063 - 1500 1998.549 1
19039.071 - 1500 1998.553 1
19039.075 + 1500 1
19039.079 - 1500 1998.557 1
19039.087 - 1500 1998.561 1
19039.090 + 1500 1
19039.094 - 1500 1998.565 1
19039.098 - 1500 1998.565 1
19039.102 - 1500 1998.565 1
19039.105 + 1500 1
19039.105 - 1500 1998.565 1
19039.109 - 1500 1998.565 1
19039.113 - 1500 1998.565 1
19039.116 - 1500 1998.559 1
19039.120 + 1500 1
19039.120 - 1500 1998.559 1
19039.124 - 1500 1998.559 1
19039.127 - 1500 1998.558 1
19039.131 - 1500 1998.558 1
19039.138 - 1500 1998.562 1
19039.139 + 1500 1
19039.146 - 1500 1998.566 1
19039.153 - 1500 1998.570 1
19039.154 + 1500 1
19039.161 - 1500 1998.568 1
19039.169 - 1500 1998.573 1
19039.170 + 1500 1
19039.183 - 1500 1998.583 1
19039.186 + 1500 1
19039.190 - 1500 1998.586 1
19039.197 - 1500 1998.589 1
19039.203 + 1500 1
19039.204 - 1500 1998.592 1
19039.211 - 1500 1998.595 1
19039.218 - 1500 1998.599 1
19039.221 + 1500 1
19039.225 - 1500 1998.594 1
19039.232 - 1500 1998.596 1
19039.241 + 1500 1
19039.258 + 1500 1
19039.273 + 1500 1
19039.287 + 1500 1
19039.297 + 1500 1
19039.309 + 1500 1
19039.318 + 1500 1
19039.327 + 1500 1
19039.336 + 1500 1
19039.346 + 1500 1
19039.355 + 1500 1
19039.365 + 1500 1
19039.384 + 1500 1
19039.393 + 1500 1
19039.403 + 1500 1
19039.412 + 1500 1
19039.422 + 1500 1
19039.431 + 1500 1
19039.440 + 1500 1
19039.450 + 1500 1
19039.459 + 1500 1
19039.472 + 1500 1
19039.482 + 1500 1
19039.491 + 1500 1
19039.500 + 1500 1
19039.509 + 1500 1
19039.519 + 1500 1
19039.529 + 1500 1
19039.533 + 1500 1
19039.536 + 1500 1
19039.541 + 1500 1
19039.560 + 1500 1
19039.564 + 1500 1
19039.568 + 1500 1
19039.572 + 1500 1
19039.575 + 1500 1
19039.579 + 1500 1
19039.582 + 1500 1
19039.586 + 1500 1
19039.590 + 1500 1
19039.594 + 1500 1
19039.597 + 1500 1
19039.601 + 1500 1
19039.605 + 1500 1
19039.608 + 1500 1
19039.612 + 1500 1
19039.616 + 1500 1
19039.619 + 1500 1
19039.623 + 1500 1
19039.626 + 1500 1
19039.631 + 1500 1
19039.635 + 1500 1
19039.638 + 1500 1
19039.642 + 1500 1
19039.646 + 1500 1
19039.650 + 1500 1
19039.654 + 1500 1
19039.657 + 1500 1
19039.661 + 1500 1
19039.665 + 1500 1
19039.669 + 1500 1
19039.672 + 1500 1
19039.676 + 1500 1
19039.680 + 1500 1
19039.684 + 1500 1
19039.688 + 1500 1
19039.692 + 1500 1
19039.695 + 1500 1
19039.699 + 1500 1
19039.703 + 1500 1
19039.706 + 1500 1
19039.710 + 1500 1
19039.714 + 1500 1
19039.718 + 1500 1
19039.721 + 1500 1
19039.725 + 1500 1
19039.729 + 1500 1
19039.733 + 1500 1
19039.737 + 1500 1
19039.741 + 1500 1
19039.744 + 1500 1
19039.749 + 1500 1
19039.753 + 1500 1
19039.757 + 1500 1
19039.760 + 1500 1
19039.764 + 1500 1
19039.768 + 1500 1
19039.771 + 1500 1
20037.000 # 1500
20037.000 # 1500
20037.000 # 1500
20037.000 # 1500
20037.000 # 1500
20037.000 # 1500
20037.000 # 1500
20037.000 # 1500
20037.000 # 1500
20037.000 # 1500
20037.000 # 1500
20037.000 # 1500
20037.000 # 1500
20037.000 # 1500
20037.000 # 1500
20037.000 # 1500
20037.000 # 1500
20037.000 # 1500
20037.000 # 1500
20037.000 # 1500
20037.000 # 1500
20037.000 # 1500
20037.000 # 1500
20037.000 # 1500
20037.000 # 1500
20037.000 # 1500
20037.000 # 1500
20037.000 # 1500
20037.000 # 1500
20037.000 # 1500
20037.000 # 1500
20037.000 # 1500
20037.000 # 1500
20037.000 # 1500
20037.000 # 1500
20037.000 # 1500
20037.000 # 1500
20037.000 # 1500
20037.000 # 1500
20037.000 # 1500
20037.000 # 1500
20037.000 # 1500
20037.000 # 1500
20037.000 # 1500
20037.000 # 1500
20037.000 # 1500
20037.000 # 1500
20037.000 # 1500
20037.000 # 1500
20037.000 # 1500
20037.000 # 1500
20037.000 # 1500
20037.000 # 1500
20037.000 # 1500
20037.000 # 1500
20037.000 # 1500
20037.000 # 1500
20037.000 # 1500
20037.000 # 1500
20037.000 # 1500
20039.862 - 1500 2999.220 1
20040.008 - 1500 2999.355 1
20040.042 + 1500 1
20040.074 + 1500 1
20040.086 + 1500 1
20040.098 + 1500 1
20040.108 + 1500 1
20040.119 + 1500 1
20040.131 + 1500 1
20040.141 + 1500 1
20040.152 + 1500 1
20040.163 + 1500 1
20040.171 - 1500 2999.514 1
20040.173 + 1500 1
20040.183 + 1500 1
20040.192 - 1500 2999.532 1
20040.193 + 1500 1
20040.204 + 1500 1
20040.206 - 1500 2999.542 1
20040.215 + 1500 1
20040.223 - 1500 1998.108 1
20040.225 + 1500 1
20040.234 - 1500 1998.054 1
20040.235 + 1500 1
20040.247 - 1500 1998.028 1
20040.250 + 1500 1
20040.261 + 1500 1
20040.261 - 1500 1997.992 1
20040.272 + 1500 1
20040.273 - 1500 1997.962 1
20040.282 + 1500 1
20040.285 - 1500 1997.935 1
20040.293 + 1500 1
20040.297 - 1500 1997.922 1
20040.305 + 1500 1
20040.309 - 1500 1997.910 1
20040.317 + 1500 1
20040.323 - 1500 1997.901 1
20040.329 + 1500 1
20040.339 + 1500 1
20040.350 + 1500 1
20040.359 + 1500 1
20040.370 + 1500 1
20040.383 + 1500 1
20040.394 + 1500 1
20040.401 - 1500 1997.955 1
20040.405 + 1500 1
20040.417 + 1500 1
20040.429 + 1500 1
20040.437 - 1500 1997.964 1
20040.440 + 1500 1
20040.447 - 1500 1997.891 1
20040.451 + 1500 1
20040.456 - 1500 1997.873 1
20040.461 + 1500 1
20040.464 - 1500 1997.865 1
20040.471 + 1500 1
20040.473 - 1500 1997.830 1
20040.482 - 1500 1997.801 1
20040.484 + 1500 1
20040.490 - 1500 1997.782 1
20040.495 + 1500 1
20040.500 - 1500 1997.774 1
20040.505 + 1500 1
20040.508 - 1500 1997.766 1
20040.516 + 1500 1
20040.516 - 1500 1997.759 1
20040.525 - 1500 1997.749 1
20040.527 + 1500 1
20040.534 - 1500 1997.742 1
20040.538 + 1500 1
20040.543 - 1500 1997.737 1
20040.549 + 1500 1
20040.551 - 1500 1997.729 1
20040.559 + 1500 1
20040.564 - 1500 1997.727 1
20040.571 + 1500 1
20040.577 - 1500 1997.725 1
20040.581 + 1500 1
20040.589 - 1500 1997.722 1
20040.592 + 1500 1
20040.601 - 1500 1997.720 1
20040.603 + 1500 1
20040.613 - 1500 1997.717 1
20040.615 + 1500 1
20040.624 - 1500 1997.714 1
20040.625 + 1500 1
20040.636 + 1500 1
20040.636 - 1500 1997.710 1
20040.649 - 1500 1997.708 1
20040.651 + 1500 1
20040.660 - 1500 1997.703 1
20040.662 + 1500 1
20040.671 + 1500 1
20040.671 - 1500 1997.697 1
20040.680 + 1500 1
20040.687 - 1500 1997.696 1
20040.692 + 1500 1
20040.699 - 1500 1997.691 1
20040.706 + 1500 1
20040.717 + 1500 1
20040.721 + 1500 1
20040.725 + 1500 1
20040.729 + 1500 1
20040.734 + 1500 1
20040.741 + 1500 1
20040.748 + 1500 1
20040.754 + 1500 1
20040.760 + 1500 1
20040.766 + 1500 1
20040.771 + 1500 1
20040.777 + 1500 1
20040.816 + 1500 1
20040.864 + 1500 1
20040.879 + 1500 1
20040.883 - 1500 1997.860 1
20040.886 + 1500 1
20040.893 + 1500 1
20040.899 + 1500 1
20040.902 - 1500 1997.864 1
20040.905 + 1500 1
20040.911 + 1500 1
20040.917 + 1500 1
20040.917 - 1500 1997.863 1
20040.923 + 1500 1
20040.930 + 1500 1
20040.930 - 1500 1997.861 1
20040.936 + 1500 1
20040.943 - 1500 1997.858 1
20040.944 + 1500 1
20040.950 + 1500 1
20040.956 - 1500 1997.856 1
20040.957 + 1500 1
20040.963 + 1500 1
20040.970 + 1500 1
20040.973 - 1500 1997.858 1
20040.976 + 1500 1
20040.982 + 1500 1
20040.990 + 1500 1
20040.998 + 1500 1
20041.004 + 1500 1
20041.010 + 1500 1
20041.015 + 1500 1
20041.021 + 1500 1
20041.027 + 1500 1
20041.034 + 1500 1
20041.040 + 1500 1
20041.046 + 1500 1
20041.052 + 1500 1
20041.053 - 1500 1997.913 1
20041.059 + 1500 1
20041.069 - 1500 1997.913 1
20041.076 + 1500 1
20041.082 - 1500 1997.908 1
20041.083 + 1500 1
20041.089 + 1500 1
20041.095 - 1500 1997.906 1
20041.096 + 1500 1
20041.103 + 1500 1
20041.108 + 1500 1
20041.108 - 1500 1997.875 1
20041.115 + 1500 1
20041.121 + 1500 1
20041.121 - 1500 1997.861 1
20041.127 + 1500 1
20041.134 + 1500 1
20041.134 - 1500 1997.855 1
20041.140 + 1500 1
20041.148 + 1500 1
20041.160 + 1500 1
20041.167 + 1500 1
20041.173 + 1500 1
20041.180 + 1500 1
20041.186 + 1500 1
20041.192 + 1500 1
20041.222 - 1500 1997.925 1
20041.240 - 1500 1997.929 1
20041.253 - 1500 1997.927 1
20041.331 - 1500 1997.991 1
20041.347 - 1500 1997.991 1
21037.000 # 1500
21037.000 # 1500
21037.000 # 1500
21037.000 # 1500
21037.000 # 1500
21037.000 # 1500
21037.000 # 1500
21037.000 # 1500
21037.000 # 1500
21037.000 # 1500
21037.000 # 1500
21037.000 # 1500
21037.000 # 1500
21037.000 # 1500
21037.000 # 1500
21037.000 # 1500
21037.000 # 1500
21037.000 # 1500
21037.000 # 1500
21037.000 # 1500
21037.000 # 1500
21037.000 # 1500
21037.000 # 1500
21037.000 # 1500
21037.000 # 1500
21037.000 # 1500
21037.000 # 1500
21037.000 # 1500
21037.000 # 1500
21037.000 # 1500
21037.000 # 1500
21037.000 # 1500
21037.000 # 1500
21037.000 # 1500
21037.000 # 1500
21037.000 # 1500
21037.000 # 1500
21037.000 # 1500
21037.000 # 1500
21037.000 # 1500
21037.000 # 1500
21037.000 # 1500
21037.000 # 1500
21037.000 # 1500
21037.000 # 1500
21037.000 # 1500
21037.000 # 1500
21037.000 # 1500
21037.000 # 1500
21037.000 # 1500
21037.000 # 1500
21037.000 # 1500
21037.000 # 1500
21037.000 # 1500
21037.000 # 1500
21037.000 # 1500
21037.000 # 1500
21037.000 # 1500
21037.000 # 1500
21037.000 # 1500
21038.830 - 1500 2995.460 1
21042.316 - 1500 2998.930 1
21042.349 - 1500 2998.947 1
21042.371 - 1500 2998.952 1
21042.391 - 1500 2998.946 1
21042.413 - 1500 2998.961 1
21042.433 - 1500 2998.975 1
21042.453 - 1500 2998.990 1
21042.871 - 1500 2999.402 1
21042.917 - 1500 2999.441 1
21042.944 - 1500 2999.463 1
21043.219 + 1500 1
21043.452 + 1500 1
21043.486 + 1500 1
21043.512 + 1500 1
21043.542 + 1500 1
21043.631 + 1500 1
21043.665 + 1500 1
21043.797 - 1500 3000.310 1
21044.365 - 1500 3000.872 1
21044.407 - 1500 3000.909 1
21044.620 + 1500 1
21044.731 - 1500 3001.227 1
21044.791 - 1500 3001.281 1
21044.814 - 1500 3001.298 1
21044.828 - 1500 3001.306 1
21044.853 - 1500 3001.325 1
21044.873 - 1500 3001.340 1
21044.896 - 1500 3001.077 1
21044.917 - 1500 3001.076 1
21044.941 + 1500 1
21044.975 + 1500 1
21045.037 - 1500 3001.189 1
21045.082 - 1500 3001.228 1
21045.105 - 1500 3001.245 1
21045.126 - 1500 3001.260 1
21045.147 - 1500 3001.275 1
21045.167 - 1500 3001.289 1
21045.174 - 1500 3001.290 1
21045.180 - 1500 3001.290 1
21045.222 + 1500 1
21045.284 - 1500 3001.388 1
21045.331 - 1500 3001.429 1
21045.357 - 1500 3001.449 1
21045.380 - 1500 3001.466 1
21045.436 - 1500 3001.515 1
21045.505 + 1500 1
21045.541 + 1500 1
21045.570 + 1500 1
21045.636 - 1500 3001.709 1
21045.680 - 1500 3001.741 1
21045.706 - 1500 3001.761 1
21045.731 - 1500 3001.780 1
21045.752 - 1500 3001.795 1
21045.767 - 1500 3001.805 1
21045.787 - 1500 3001.819 1
21045.840 + 1500 1
21045.886 - 1500 3001.912 1
21045.929 - 1500 3001.950 1
21045.949 - 1500 3001.964 1
21045.962 - 1500 3001.971 1
21045.975 - 1500 3001.978 1
21045.988 - 1500 3001.986 1
21046.001 - 1500 3001.993 1
21046.015 - 1500 3002.001 1
21046.028 - 1500 3002.008 1
21046.041 - 1500 3002.015 1
21046.054 - 1500 3002.018 1
21046.067 - 1500 3002.025 1
21046.159 - 1500 3002.111 1
21046.190 - 1500 3002.136 1
21046.205 - 1500 3002.145 1
21046.220 - 1500 3002.154 1
21046.233 - 1500 3002.160 1
21046.246 - 1500 3002.167 1
21046.403 + 1500 1
21046.449 + 1500 1
21046.481 + 1500 1
21046.512 + 1500 1
21046.540 + 1500 1
21046.569 + 1500 1
21046.597 + 1500 1
21046.622 + 1500 1
21046.647 + 1500 1
21046.673 + 1500 1
21046.698 + 1500 1
21046.731 + 1500 1
21046.761 + 1500 1
21046.794 + 1500 1
21046.815 + 1500 1
21046.841 + 1500 1
21046.863 + 1500 1
21046.889 + 1500 1
21046.912 + 1500 1
21046.932 + 1500 1
21046.955 + 1500 1
21046.976 + 1500 1
21046.996 + 1500 1
21047.018 + 1500 1
21047.046 + 1500 1
21047.262 + 1500 1
21047.293 + 1500 1
21047.316 + 1500 1
21047.343 + 1500 1
21047.365 + 1500 1
21047.390 + 1500 1
21047.417 + 1500 1
21047.443 + 1500 1
21047.467 + 1500 1
21047.490 + 1500 1
21047.513 + 1500 1
21047.536 + 1500 1
21047.558 + 1500 1
21047.592 + 1500 1
21047.818 + 1500 1
21047.833 + 1500 1
21047.851 + 1500 1
21047.864 + 1500 1
21047.878 + 1500 1
21047.891 + 1500 1
21047.897 + 1500 1
21047.903 + 1500 1
21047.908 + 1500 1
21047.914 + 1500 1
21047.919 + 1500 1
21047.925 + 1500 1
21047.930 + 1500 1
21047.936 + 1500 1
21047.941 + 1500 1
21047.947 + 1500 1
21047.953 + 1500 1
21047.958 + 1500 1
21047.964 + 1500 1
21047.969 + 1500 1
21047.975 + 1500 1
21047.981 + 1500 1
21047.987 + 1500 1
21047.995 + 1500 1
21048.000 + 1500 1
21048.007 + 1500 1
21048.012 + 1500 1
21048.018 + 1500 1
21048.023 + 1500 1
21048.029 + 1500 1
21048.035 + 1500 1
21048.040 + 1500 1
21048.045 + 1500 1
21048.051 + 1500 1
21048.057 + 1500 1
21048.062 + 1500 1
21048.067 + 1500 1
21048.073 + 1500 1
21048.078 + 1500 1
21048.083 + 1500 1
21048.089 + 1500 1
21048.094 + 1500 1
21048.099 + 1500 1
21048.105 + 1500 1
21048.110 + 1500 1
21048.116 + 1500 1
21048.121 + 1500 1
21048.126 + 1500 1
21048.132 + 1500 1
21048.138 + 1500 1
21048.143 + 1500 1
21048.148 + 1500 1
21048.154 + 1500 1
21048.159 + 1500 1
21048.164 + 1500 1
21048.169 + 1500 1
21048.174 + 1500 1
21048.180 + 1500 1
21048.186 + 1500 1
21048.191 + 1500 1
21048.197 + 1500 1
21048.203 + 1500 1
21048.208 + 1500 1
21048.213 + 1500 1
21048.219 + 1500 1
21048.225 + 1500 1
22037.000 # 1500
22037.000 # 1500
22037.000 # 1500
22037.000 # 1500
22037.000 # 1500
22037.000 # 1500
22037.000 # 1500
22037.000 # 1500
22037.000 # 1500
22037.000 # 1500
22037.000 # 1500
22037.000 # 1500
22037.000 # 1500
22037.000 # 1500
22037.000 # 1500
22037.000 # 1500
22037.000 # 1500
22037.000 # 1500
22037.000 # 1500
22037.000 # 1500
22037.000 # 1500
22037.000 # 1500
22037.000 # 1500
22037.000 # 1500
22037.000 # 1500
22037.000 # 1500
22037.000 # 1500
22037.000 # 1500
22037.000 # 1500
22037.000 # 1500
22037.000 # 1500
22037.000 # 1500
22037.000 # 1500
22037.000 # 1500
22037.000 # 1500
22037.000 # 1500
22037.000 # 1500
22037.000 # 1500
22037.000 # 1500
22037.000 # 1500
22037.000 # 1500
22037.000 # 1500
22037.000 # 1500
22037.000 # 1500
22037.000 # 1500
22037.000 # 1500
22037.000 # 1500
22037.000 # 1500
22037.000 # 1500
22037.000 # 1500
22037.000 # 1500
22037.000 # 1500
22037.000 # 1500
22037.000 # 1500
22037.000 # 1500
22037.000 # 1500
22037.000 # 1500
22037.000 # 1500
22037.000 # 1500
22037.000 # 1500
22038.764 - 1500 3994.679 1
22039.032 - 1500 3994.941 1
22039.063 - 1500 3994.966 1
22039.085 - 1500 3994.983 1
22039.106 - 1500 3000.405 1
22039.127 - 1500 3000.405 1
22039.152 - 1500 3000.420 1
22039.173 - 1500 3000.432 1
22039.195 - 1500 3000.443 1
22039.217 - 1500 3000.456 1
22039.238 - 1500 3000.467 1
22039.259 - 1500 3000.479 1
22039.279 - 1500 3000.476 1
22039.300 - 1500 3000.487 1
22039.320 - 1500 3000.498 1
22039.340 - 1500 3000.508 1
22039.373 - 1500 3000.532 1
22039.395 - 1500 3000.427 1
22039.415 - 1500 3000.435 1
22039.435 - 1500 3000.445 1
22039.455 - 1500 3000.455 1
22039.476 - 1500 3000.467 1
22039.497 - 1500 3000.478 1
22039.519 - 1500 3000.490 1
22039.543 - 1500 3000.503 1
22039.565 - 1500 3000.503 1
22039.587 - 1500 3000.512 1
22040.015 - 1500 3000.925 1
22040.370 - 1500 3001.265 1
22040.394 + 1500 1
22040.421 - 1500 3001.301 1
22040.458 - 1500 3001.319 1
22040.485 + 1500 1
22040.486 - 1500 3001.332 1
22040.507 - 1500 3001.337 1
22040.509 + 1500 1
22040.524 - 1500 3001.338 1
22040.526 + 1500 1
22040.538 - 1500 3001.335 1
22040.543 + 1500 1
22040.552 - 1500 3001.331 1
22040.560 + 1500 1
22040.577 + 1500 1
22040.593 + 1500 1
22040.609 + 1500 1
22040.625 + 1500 1
22040.640 + 1500 1
22040.646 - 1500 3001.405 1
22040.656 + 1500 1
22040.671 + 1500 1
22040.678 - 1500 3001.420 1
22040.687 + 1500 1
22040.697 - 1500 3001.424 1
22040.703 + 1500 1
22040.718 - 1500 3001.431 1
22040.732 + 1500 1
22040.740 - 1500 3001.443 1
22040.758 + 1500 1
22040.758 - 1500 3001.449 1
22040.772 - 1500 3001.454 1
22040.784 + 1500 1
22040.785 - 1500 3001.458 1
22040.799 - 1500 3001.463 1
22040.809 + 1500 1
22040.812 - 1500 3001.466 1
22040.826 + 1500 1
22040.826 - 1500 3001.471 1
22040.840 - 1500 3001.475 1
22040.842 + 1500 1
22040.853 - 1500 3001.469 1
22040.858 + 1500 1
22040.867 - 1500 3001.474 1
22040.874 + 1500 1
22040.890 + 1500 1
22040.890 - 1500 3001.487 1
22040.904 - 1500 3001.492 1
22040.907 + 1500 1
22040.918 - 1500 3001.496 1
22040.930 + 1500 1
22040.931 - 1500 3001.500 1
22040.945 - 1500 3001.505 1
22040.947 + 1500 1
22040.959 - 1500 3001.509 1
22040.963 + 1500 1
22040.972 - 1500 3001.513 1
22040.985 - 1500 3001.513 1
22040.998 - 1500 3001.516 1
22041.011 - 1500 3001.520 1
22041.099 + 1500 1
22041.120 + 1500 1
22041.138 + 1500 1
22041.156 + 1500 1
22041.172 + 1500 1
22041.189 + 1500 1
22041.208 + 1500 1
22041.226 + 1500 1
22041.244 + 1500 1
22041.260 + 1500 1
22041.276 + 1500 1
22041.292 + 1500 1
22041.315 + 1500 1
22041.333 + 1500 1
22041.351 + 1500 1
22041.367 + 1500 1
22041.386 + 1500 1
22041.409 + 1500 1
22041.433 + 1500 1
22041.468 + 1500 1
22041.495 + 1500 1
22041.515 + 1500 1
22041.532 + 1500 1
22041.548 + 1500 1
22041.564 + 1500 1
22041.580 + 1500 1
22041.599 + 1500 1
22041.615 + 1500 1
22041.633 + 1500 1
22041.648 + 1500 1
22041.664 + 1500 1
22041.680 + 1500 1
22041.687 + 1500 1
22041.694 + 1500 1
22041.700 + 1500 1
22041.706 + 1500 1
22041.713 + 1500 1
22041.719 + 1500 1
22041.725 + 1500 1
22041.732 + 1500 1
22041.738 + 1500 1
22041.744 + 1500 1
22041.751 + 1500 1
22041.758 + 1500 1
22041.764 + 1500 1
22041.771 + 1500 1
22041.777 + 1500 1
22041.784 + 1500 1
22041.790 + 1500 1
22041.796 + 1500 1
22041.803 + 1500 1
22041.809 + 1500 1
22041.815 + 1500 1
22041.822 + 1500 1
22041.828 + 1500 1
22041.835 + 1500 1
22041.841 + 1500 1
22041.847 + 1500 1
22041.853 + 1500 1
22041.860 + 1500 1
22041.866 + 1500 1
22041.873 + 1500 1
22041.879 + 1500 1
22041.886 + 1500 1
22041.892 + 1500 1
22041.898 + 1500 1
22041.905 + 1500 1
22041.911 + 1500 1
22041.917 + 1500 1
22041.924 + 1500 1
22041.930 + 1500 1
22041.936 + 1500 1
22041.943 + 1500 1
22041.949 + 1500 1
22041.956 + 1500 1
22041.962 + 1500 1
22041.969 + 1500 1
22041.975 + 1500 1
22041.981 + 1500 1
22041.988 + 1500 1
22041.994 + 1500 1
22042.001 + 1500 1
22042.007 + 1500 1
22042.044 + 1500 1
22042.058 + 1500 1
22042.067 + 1500 1
22042.074 + 1500 1
22042.081 + 1500 1
22042.087 + 1500 1
22042.094 + 1500 1
22042.100 + 1500 1
22042.107 + 1500 1
23037.000 # 1500
23037.000 # 1500
23037.000 # 1500
23037.000 # 1500
23037.000 # 1500
23037.000 # 1500
23037.000 # 1500
23037.000 # 1500
23037.000 # 1500
23037.000 # 1500
23037.000 # 1500
23037.000 # 1500
23037.000 # 1500
23037.000 # 1500
23037.000 # 1500
23037.000 # 1500
23037.000 # 1500
23037.000 # 1500
23037.000 # 1500
23037.000 # 1500
23037.000 # 1500
23037.000 # 1500
23037.000 # 1500
23037.000 # 1500
23037.000 # 1500
23037.000 # 1500
23037.000 # 1500
23037.000 # 1500
23037.000 # 1500
23037.000 # 1500
23037.000 # 1500
23037.000 # 1500
23037.000 # 1500
23037.000 # 1500
23037.000 # 1500
23037.000 # 1500
23037.000 # 1500
23037.000 # 1500
23037.000 # 1500
23037.000 # 1500
23037.000 # 1500
23037.000 # 1500
23037.000 # 1500
23037.000 # 1500
23037.000 # 1500
23037.000 # 1500
23037.000 # 1500
23037.000 # 1500
23037.000 # 1500
23037.000 # 1500
23037.000 # 1500
23037.000 # 1500
23037.000 # 1500
23037.000 # 1500
23037.000 # 1500
23037.000 # 1500
23037.000 # 1500
23037.000 # 1500
23037.000 # 1500
23037.000 # 1500
23040.183 + 1500 1
23040.234 + 1500 1
23040.264 + 1500 1
23040.294 + 1500 1
23040.324 + 1500 1
23040.352 + 1500 1
23040.877 + 1500 1
23040.914 + 1500 1
23040.946 + 1500 1
23040.978 + 1500 1
23041.008 + 1500 1
23041.037 + 1500 1
23041.071 + 1500 1
23041.100 + 1500 1
23041.129 + 1500 1
23041.165 + 1500 1
23041.195 + 1500 1
23041.225 + 1500 1
23041.255 + 1500 1
23041.284 + 1500 1
23041.314 + 1500 1
23041.344 + 1500 1
23041.374 + 1500 1
23041.405 + 1500 1
23041.481 - 1500 4001.981 1
23041.488 + 1500 1
23041.689 + 1500 1
23041.725 + 1500 1
23041.755 + 1500 1
23041.785 + 1500 1
23041.829 + 1500 1
23041.874 + 1500 1
23041.923 + 1500 1
23041.973 + 1500 1
23042.033 + 1500 1
23042.082 + 1500 1
23042.138 + 1500 1
23042.194 + 1500 1
23042.452 + 1500 1
23042.515 + 1500 1
23042.574 + 1500 1
23042.626 + 1500 1
23042.688 + 1500 1
23042.733 - 1500 4003.224 1
23042.745 + 1500 1
23042.952 + 1500 1
23042.991 + 1500 1
23043.021 + 1500 1
23043.051 + 1500 1
23043.081 + 1500 1
23043.118 + 1500 1
23043.128 + 1500 1
23043.138 + 1500 1
23043.148 + 1500 1
23043.159 + 1500 1
23043.170 + 1500 1
23043.179 + 1500 1
23043.189 + 1500 1
23043.222 + 1500 1
23043.327 + 1500 1
23043.340 + 1500 1
23043.349 + 1500 1
23043.354 + 1500 1
23043.358 + 1500 1
23043.362 + 1500 1
23043.366 + 1500 1
23043.370 + 1500 1
23043.374 + 1500 1
23043.378 + 1500 1
23043.382 + 1500 1
23043.386 + 1500 1
23043.390 + 1500 1
23043.393 + 1500 1
23043.397 + 1500 1
23043.401 + 1500 1
23043.408 + 1500 1
23043.411 + 1500 1
23043.415 + 1500 1
23043.419 + 1500 1
23043.422 + 1500 1
23043.426 + 1500 1
23043.430 + 1500 1
23043.434 + 1500 1
23043.438 + 1500 1
23043.837 + 1500 1
23043.853 + 1500 1
23043.857 + 1500 1
23043.862 + 1500 1
23043.865 + 1500 1
23043.869 + 1500 1
23043.873 + 1500 1
23043.877 + 1500 1
23043.881 + 1500 1
23043.884 + 1500 1
23043.888 + 1500 1
23043.891 - 1500 4004.372 1
23043.892 + 1500 1
23043.896 + 1500 1
23043.900 + 1500 1
23043.911 + 1500 1
23043.916 + 1500 1
23043.920 + 1500 1
23043.924 + 1500 1
23043.928 + 1500 1
23043.932 + 1500 1
23043.935 + 1500 1
23043.939 + 1500 1
23043.943 + 1500 1
23043.947 + 1500 1
23043.951 + 1500 1
23043.955 + 1500 1
23043.959 + 1500 1
23043.963 + 1500 1
23043.966 + 1500 1
23043.970 + 1500 1
23043.974 + 1500 1
23043.977 + 1500 1
23043.978 - 1500 4004.449 1
23043.981 + 1500 1
23043.985 + 1500 1
23043.988 + 1500 1
23043.992 + 1500 1
23043.995 + 1500 1
23043.999 + 1500 1
23044.003 - 1500 4004.470 1
23044.015 - 1500 4004.479 1
23044.027 - 1500 4004.486 1
23044.038 - 1500 4004.478 1
23044.050 - 1500 4004.486 1
23044.066 - 1500 4004.498 1
23044.077 - 1500 4004.505 1
23044.088 - 1500 4004.513 1
23044.100 - 1500 4004.521 1
23044.112 - 1500 4004.530 1
23044.124 - 1500 4004.538 1
23044.135 - 1500 4004.545 1
23044.146 - 1500 4004.552 1
23044.157 - 1500 4004.560 1
23044.167 - 1500 4004.566 1
23044.178 - 1500 4004.573 1
23044.189 - 1500 4004.581 1
23044.201 - 1500 4004.589 1
23044.212 - 1500 4004.596 1
23044.223 - 1500 4004.604 1
23044.234 - 1500 4004.611 1
23044.245 - 1500 4004.619 1
23044.256 - 1500 4004.625 1
23044.272 - 1500 4004.637 1
23044.282 - 1500 4004.644 1
23044.293 - 1500 4004.651 1
23044.304 - 1500 4004.658 1
23044.314 - 1500 4004.664 1
23044.324 - 1500 4004.670 1
23044.334 - 1500 4004.677 1
23044.344 - 1500 4004.683 1
23044.354 - 1500 4004.689 1
23044.364 - 1500 4004.695 1
23044.374 - 1500 4004.702 1
23044.385 - 1500 4004.709 1
23044.395 - 1500 4004.715 1
23044.405 - 1500 4004.721 1
23044.415 - 1500 4004.727 1
23044.425 - 1500 4004.733 1
23044.435 - 1500 4004.740 1
23044.445 - 1500 4004.746 1
23044.455 - 1500 4004.752 1
23044.466 - 1500 4004.760 1
23044.476 - 1500 4004.766 1
23044.486 - 1500 4004.772 1
23044.496 - 1500 4004.778 1
23044.506 - 1500 4004.785 1
23044.516 - 1500 4004.791 1
23044.526 - 1500 4004.797 1
23044.536 - 1500 4004.803 1
23044.546 - 1500 4004.809 1
23044.556 - 1500 4004.815 1
23044.566 - 1500 4004.822 1
23044.576 - 1500 4004.827 1
23044.586 - 1500 4004.833 1
23044.596 - 1500 4004.839 1
24037.000 # 1500
24037.000 # 1500
24037.000 # 1500
24037.000 # 1500
24037.000 # 1500
24037.000 # 1500
24037.000 # 1500
24037.000 # 1500
24037.000 # 1500
24037.000 # 1500
24037.000 # 1500
24037.000 # 1500
24037.000 # 1500
24037.000 # 1500
24037.000 # 1500
24037.000 # 1500
24037.000 # 1500
24037.000 # 1500
24037.000 # 1500
24037.000 # 1500
24037.000 # 1500
24037.000 # 1500
24037.000 # 1500
24037.000 # 1500
24037.000 # 1500
24037.000 # 1500
24037.000 # 1500
24037.000 # 1500
24037.000 # 1500
24037.000 # 1500
24037.000 # 1500
24037.000 # 1500
24037.000 # 1500
24037.000 # 1500
24037.000 # 1500
24037.000 # 1500
24037.000 # 1500
24037.000 # 1500
24037.000 # 1500
24037.000 # 1500
24037.000 # 1500
24037.000 # 1500
24037.000 # 1500
24037.000 # 1500
24037.000 # 1500
24037.000 # 1500
24037.000 # 1500
24037.000 # 1500
24037.000 # 1500
24037.000 # 1500
24037.000 # 1500
24037.000 # 1500
24037.000 # 1500
24037.000 # 1500
24037.000 # 1500
24037.000 # 1500
24037.000 # 1500
24037.000 # 1500
24037.000 # 1500
24037.000 # 1500
24040.678 - 1500 5000.918 1
24040.932 - 1500 5001.168 1
24040.967 - 1500 5001.199 1
24041.095 + 1500 1
24041.110 - 1500 5001.339 1
24041.160 + 1500 1
24041.170 - 1500 4001.128 1
24041.200 + 1500 1
24041.214 - 1500 4001.140 1
24041.242 + 1500 1
24041.280 - 1500 4001.194 1
24041.282 + 1500 1
24041.324 + 1500 1
24041.365 + 1500 1
24041.409 + 1500 1
24041.444 + 1500 1
24041.676 - 1500 4001.578 1
24041.763 - 1500 4001.655 1
24041.764 + 1500 1
24041.819 + 1500 1
24041.828 - 1500 4001.709 1
24041.876 + 1500 1
24041.903 - 1500 4001.772 1
24041.930 + 1500 1
24041.983 - 1500 4001.842 1
24041.984 + 1500 1
24042.038 + 1500 1
24042.061 - 1500 4001.909 1
24042.091 + 1500 1
24042.143 + 1500 1
24042.143 - 1500 4001.980 1
24042.196 + 1500 1
24042.223 - 1500 4002.050 1
24042.248 + 1500 1
24042.302 + 1500 1
24042.305 - 1500 4002.122 1
24042.355 + 1500 1
24042.393 - 1500 4002.200 1
24042.412 + 1500 1
24042.468 - 1500 4002.264 1
24042.470 + 1500 1
24042.523 + 1500 1
24042.551 - 1500 4002.336 1
24042.577 + 1500 1
24042.628 + 1500 1
24042.634 - 1500 4002.409 1
24042.680 + 1500 1
24042.709 - 1500 4002.474 1
24042.730 + 1500 1
24042.781 + 1500 1
24042.783 - 1500 4002.533 1
24042.829 + 1500 1
24042.855 - 1500 4002.594 1
24042.877 + 1500 1
24042.924 + 1500 1
24042.934 - 1500 4002.662 1
24042.971 + 1500 1
24043.009 - 1500 4002.727 1
24043.018 + 1500 1
24043.066 + 1500 1
24043.112 + 1500 1
24043.140 - 1500 4002.847 1
24043.158 + 1500 1
24043.223 + 1500 1
24043.227 - 1500 4002.922 1
24043.279 + 1500 1
24043.314 - 1500 4002.997 1
24043.327 + 1500 1
24043.374 + 1500 1
24043.394 - 1500 4003.065 1
24043.421 + 1500 1
24043.465 - 1500 4003.126 1
24043.469 + 1500 1
24043.545 - 1500 4003.195 1
24043.584 + 1500 1
24043.627 - 1500 4003.268 1
24043.643 + 1500 1
24043.693 + 1500 1
24043.743 + 1500 1
24043.792 + 1500 1
24043.837 + 1500 1
24043.883 + 1500 1
24043.886 - 1500 4003.516 1
24043.917 + 1500 1
24043.939 - 1500 4003.556 1
24044.010 + 1500 1
24044.022 - 1500 4003.628 1
24044.066 + 1500 1
24044.091 - 1500 4003.686 1
24044.103 + 1500 1
24044.137 + 1500 1
24044.139 - 1500 4003.722 1
24044.171 - 1500 4003.742 1
24044.180 - 1500 4003.740 1
24044.188 - 1500 4003.737 1
24044.219 - 1500 4003.758 1
24044.227 + 1500 1
24044.269 + 1500 1
24044.306 + 1500 1
24044.340 + 1500 1
24044.359 - 1500 4003.888 1
24044.376 + 1500 1
24044.399 - 1500 4003.915 1
24044.400 + 1500 1
24044.430 - 1500 4003.935 1
24044.434 + 1500 1
24044.455 + 1500 1
24044.478 + 1500 1
24044.499 + 1500 1
24044.518 + 1500 1
24044.540 + 1500 1
24044.562 + 1500 1
24044.577 - 1500 4004.072 1
24044.584 + 1500 1
24044.608 + 1500 1
24044.618 - 1500 4004.102 1
24044.630 + 1500 1
24044.653 + 1500 1
24044.653 - 1500 4004.126 1
24044.674 + 1500 1
24044.694 + 1500 1
24044.717 + 1500 1
24044.737 + 1500 1
24044.759 + 1500 1
24044.783 + 1500 1
24044.797 - 1500 4004.259 1
24044.804 + 1500 1
24044.836 + 1500 1
24044.837 - 1500 4004.288 1
24044.857 + 1500 1
24044.870 - 1500 4004.311 1
24044.879 + 1500 1
24044.901 + 1500 1
24044.913 - 1500 4004.342 1
24044.922 + 1500 1
24044.944 + 1500 1
24044.964 + 1500 1
24044.983 + 1500 1
24045.005 + 1500 1
24045.025 + 1500 1
24045.045 + 1500 1
24045.068 + 1500 1
24045.075 - 1500 4004.494 1
24045.091 + 1500 1
24045.113 + 1500 1
24045.133 + 1500 1
24045.154 + 1500 1
24045.154 - 1500 4004.562 1
24045.177 + 1500 1
24045.196 + 1500 1
24045.218 + 1500 1
24045.238 + 1500 1
24045.257 + 1500 1
24045.285 + 1500 1
24045.301 - 1500 4004.698 1
24045.306 + 1500 1
24045.327 + 1500 1
24045.339 - 1500 4004.724 1
24045.350 + 1500 1
24045.372 + 1500 1
24045.372 - 1500 4004.747 1
24045.396 + 1500 1
24045.403 - 1500 4004.767 1
24045.416 + 1500 1
24045.434 - 1500 4004.783 1
24045.438 + 1500 1
24045.460 + 1500 1
24045.466 - 1500 4004.804 1
24045.481 + 1500 1
24045.499 - 1500 4004.828 1
24045.538 + 1500 1
24045.571 + 1500 1
24045.593 + 1500 1
24045.616 + 1500 1
24045.638 + 1500 1
24045.660 + 1500 1
24045.685 + 1500 1
24045.706 + 1500 1
24045.726 + 1500 1
24046.171 + 1500 1
25037.000 # 1500
25037.000 # 1500
25037.000 # 1500
25037.000 # 1500
25037.000 # 1500
25037.000 # 1500
25037.000 # 1500
25037.000 # 1500
25037.000 # 1500
25037.000 # 1500
25037.000 # 1500
25037.000 # 1500
25037.000 # 1500
25037.000 # 1500
25037.000 # 1500
25037.000 # 1500
25037.000 # 1500
25037.000 # 1500
25037.000 # 1500
25037.000 # 1500
25037.000 # 1500
25037.000 # 1500
25037.000 # 1500
25037.000 # 1500
25037.000 # 1500
25037.000 # 1500
25037.000 # 1500
25037.000 # 1500
25037.000 # 1500
25037.000 # 1500
25037.000 # 1500
25037.000 # 1500
25037.000 # 1500
25037.000 # 1500
25037.000 # 1500
25037.000 # 1500
25037.000 # 1500
25037.000 # 1500
25037.000 # 1500
25037.000 # 1500
25037.000 # 1500
25037.000 # 1500
25037.000 # 1500
25037.000 # 1500
25037.000 # 1500
25037.000 # 1500
25037.000 # 1500
25037.000 # 1500
25037.000 # 1500
25037.000 # 1500
25037.000 # 1500
25037.000 # 1500
25037.000 # 1500
25037.000 # 1500
25037.000 # 1500
25037.000 # 1500
25037.000 # 1500
25037.000 # 1500
25037.000 # 1500
25037.000 # 1500
25040.364 - 1500 4999.684 1
25040.744 - 1500 5000.052 1
25040.907 + 1500 1
25040.974 + 1500 1
25041.023 + 1500 1
25041.414 + 1500 1
25041.450 - 1500 5000.744 1
25041.673 + 1500 1
25041.738 + 1500 1
25041.792 + 1500 1
25041.853 + 1500 1
25041.903 + 1500 1
25041.944 + 1500 1
25041.974 + 1500 1
25042.004 + 1500 1
25042.033 + 1500 1
25042.061 + 1500 1
25042.089 + 1500 1
25042.118 + 1500 1
25042.143 - 1500 5001.426 1
25042.148 + 1500 1
25042.178 + 1500 1
25042.207 + 1500 1
25042.236 + 1500 1
25042.266 + 1500 1
25042.294 + 1500 1
25042.324 + 1500 1
25042.344 - 1500 5001.623 1
25042.352 + 1500 1
25042.378 - 1500 5001.653 1
25042.382 + 1500 1
25042.402 - 1500 5001.673 1
25042.411 + 1500 1
25042.427 - 1500 5001.693 1
25042.453 - 1500 5001.712 1
25042.461 + 1500 1
25042.478 - 1500 5001.730 1
25042.490 + 1500 1
25042.504 - 1500 5001.750 1
25042.519 + 1500 1
25042.529 - 1500 5001.769 1
25042.549 + 1500 1
25042.553 - 1500 5001.787 1
25042.585 + 1500 1
25042.586 - 1500 5001.815 1
25042.614 - 1500 5001.837 1
25042.620 + 1500 1
25042.640 - 1500 5001.824 1
25042.651 + 1500 1
25042.665 - 1500 5001.801 1
25042.680 + 1500 1
25042.690 - 1500 5001.811 1
25042.711 + 1500 1
25042.736 - 1500 5001.850 1
25042.740 + 1500 1
25042.749 - 1500 5001.856 1
25042.761 - 1500 5001.862 1
25042.788 - 1500 5001.883 1
25042.814 - 1500 5001.903 1
25042.838 - 1500 5001.921 1
25042.863 - 1500 5001.940 1
25042.864 + 1500 1
25042.893 - 1500 5001.963 1
25042.902 + 1500 1
25042.918 - 1500 5001.982 1
25042.941 + 1500 1
25042.952 - 1500 5002.008 1
25042.973 + 1500 1
25042.978 - 1500 5002.028 1
25043.014 + 1500 1
25043.055 + 1500 1
25043.078 - 1500 5002.121 1
25043.085 + 1500 1
25043.121 + 1500 1
25043.129 - 1500 5002.166 1
25043.151 + 1500 1
25043.181 + 1500 1
25043.584 + 1500 1
25043.619 + 1500 1
25043.791 - 1500 5002.821 1
25044.121 + 1500 1
25044.183 + 1500 1
25044.218 + 1500 1
25044.249 + 1500 1
25044.278 + 1500 1
25044.306 + 1500 1
25044.337 + 1500 1
25044.358 + 1500 1
25044.377 + 1500 1
25044.394 + 1500 1
25044.411 + 1500 1
25044.430 + 1500 1
25044.438 + 1500 1
25044.443 - 1500 5003.467 1
25044.445 + 1500 1
25044.453 + 1500 1
25044.460 + 1500 1
25044.465 - 1500 5003.483 1
25044.467 + 1500 1
25044.475 + 1500 1
25044.481 - 1500 5003.491 1
25044.483 + 1500 1
25044.490 + 1500 1
25044.498 + 1500 1
25044.505 + 1500 1
25044.512 + 1500 1
25044.520 + 1500 1
25044.527 + 1500 1
25044.534 + 1500 1
25044.541 + 1500 1
25044.548 + 1500 1
25044.555 + 1500 1
25044.563 + 1500 1
25044.570 + 1500 1
25044.577 + 1500 1
25044.584 + 1500 1
25044.592 + 1500 1
25044.600 + 1500 1
25044.607 + 1500 1
25044.614 + 1500 1
25044.617 - 1500 5003.619 1
25044.621 + 1500 1
25044.629 + 1500 1
25044.636 + 1500 1
25044.638 - 1500 5003.634 1
25044.643 + 1500 1
25044.650 + 1500 1
25044.654 - 1500 5003.644 1
25044.657 + 1500 1
25044.664 + 1500 1
25044.668 - 1500 5003.653 1
25044.672 + 1500 1
25044.680 + 1500 1
25044.683 - 1500 5003.662 1
25044.687 + 1500 1
25044.694 + 1500 1
25044.698 - 1500 5003.671 1
25044.701 + 1500 1
25044.708 + 1500 1
25044.712 - 1500 5003.678 1
25044.715 + 1500 1
25044.722 + 1500 1
25044.728 - 1500 5003.688 1
25044.730 + 1500 1
25044.737 + 1500 1
25044.743 - 1500 5003.697 1
25044.744 + 1500 1
25044.755 + 1500 1
25044.757 - 1500 5003.705 1
25044.762 + 1500 1
25044.769 + 1500 1
25044.772 - 1500 5003.713 1
25044.776 + 1500 1
25044.783 + 1500 1
25044.787 - 1500 5003.711 1
25044.801 - 1500 5003.718 1
25044.818 + 1500 1
25044.826 - 1500 5003.737 1
25044.832 + 1500 1
25044.840 + 1500 1
25044.841 - 1500 5003.745 1
25044.847 + 1500 1
25044.854 + 1500 1
25044.856 - 1500 5003.753 1
25044.862 + 1500 1
25044.869 + 1500 1
25044.872 - 1500 5003.764 1
25044.875 + 1500 1
25044.883 + 1500 1
25044.887 - 1500 5003.772 1
25044.890 + 1500 1
25044.896 + 1500 1
25044.902 - 1500 5003.781 1
25044.904 + 1500 1
25044.916 - 1500 5003.789 1
25044.931 - 1500 5003.797 1
25044.979 - 1500 5003.839 1
25045.006 - 1500 5003.858 1
25045.023 - 1500 5003.863 1
25045.040 - 1500 5003.873 1
26037.000 # 1500
26037.000 # 1500
26037.000 # 1500
26037.000 # 1500
26037.000 # 1500
26037.000 # 1500
26037.000 # 1500
26037.000 # 1500
26037.000 # 1500
26037.000 # 1500
26037.000 # 1500
26037.000 # 1500
26037.000 # 1500
26037.000 # 1500
26037.000 # 1500
26037.000 # 1500
26037.000 # 1500
26037.000 # 1500
26037.000 # 1500
26037.000 # 1500
26037.000 # 1500
26037.000 # 1500
26037.000 # 1500
26037.000 # 1500
26037.000 # 1500
26037.000 # 1500
26037.000 # 1500
26037.000 # 1500
26037.000 # 1500
26037.000 # 1500
26037.000 # 1500
26037.000 # 1500
26037.000 # 1500
26037.000 # 1500
26037.000 # 1500
26037.000 # 1500
26037.000 # 1500
26037.000 # 1500
26037.000 # 1500
26037.000 # 1500
26037.000 # 1500
26037.000 # 1500
26037.000 # 1500
26037.000 # 1500
26037.000 # 1500
26037.000 # 1500
26037.000 # 1500
26037.000 # 1500
26037.000 # 1500
26037.000 # 1500
26037.000 # 1500
26037.000 # 1500
26037.000 # 1500
26037.000 # 1500
26037.000 # 1500
26037.000 # 1500
26037.000 # 1500
26037.000 # 1500
26037.000 # 1500
26037.000 # 1500
26039.910 + 1500 1
26039.928 - 1500 5998.755 1
26039.965 + 1500 1
26039.996 + 1500 1
26040.025 + 1500 1
26040.056 + 1500 1
26040.057 - 1500 5998.877 1
26040.086 + 1500 1
26040.099 - 1500 5998.913 1
26040.115 + 1500 1
26040.134 - 1500 5998.942 1
26040.145 + 1500 1
26040.170 - 1500 4996.951 1
26040.174 + 1500 1
26040.203 + 1500 1
26040.205 - 1500 4996.753 1
26040.240 - 1500 4996.754 1
26040.277 - 1500 4996.765 1
26040.298 + 1500 1
26040.309 - 1500 4996.767 1
26040.343 - 1500 4996.712 1
26040.352 + 1500 1
26040.387 - 1500 4996.722 1
26041.156 + 1500 1
26041.195 + 1500 1
26041.223 + 1500 1
26041.252 + 1500 1
26041.279 + 1500 1
26041.309 + 1500 1
26041.343 + 1500 1
26041.371 + 1500 1
26041.400 + 1500 1
26041.427 + 1500 1
26041.456 + 1500 1
26041.457 - 1500 4996.837 1
26041.483 + 1500 1
26041.508 - 1500 4996.567 1
26041.510 + 1500 1
26041.537 + 1500 1
26041.545 - 1500 4996.570 1
26041.564 + 1500 1
26041.579 - 1500 4996.357 1
26041.591 + 1500 1
26041.613 - 1500 4996.108 1
26041.619 + 1500 1
26041.646 + 1500 1
26041.647 - 1500 4996.106 1
26041.672 + 1500 1
26041.681 - 1500 4996.111 1
26041.699 + 1500 1
26041.716 - 1500 4995.876 1
26041.727 + 1500 1
26041.750 - 1500 4995.347 1
26041.755 + 1500 1
26041.782 - 1500 4995.333 1
26041.786 + 1500 1
26041.813 + 1500 1
26041.815 - 1500 4995.334 1
26041.842 + 1500 1
26041.848 - 1500 4995.336 1
26041.868 + 1500 1
26041.881 - 1500 4995.341 1
26041.895 + 1500 1
26041.915 - 1500 4995.346 1
26041.922 + 1500 1
26041.948 + 1500 1
26041.949 - 1500 4995.352 1
26041.976 + 1500 1
26041.981 - 1500 4995.359 1
26042.002 + 1500 1
26042.015 - 1500 4995.368 1
26042.029 + 1500 1
26042.053 - 1500 4995.380 1
26042.056 + 1500 1
26042.083 + 1500 1
26042.087 - 1500 4995.389 1
26042.113 + 1500 1
26042.120 - 1500 4995.389 1
26042.139 + 1500 1
26042.153 - 1500 4995.392 1
26042.170 + 1500 1
26042.187 - 1500 4995.393 1
26042.196 + 1500 1
26042.220 - 1500 4995.405 1
26042.227 + 1500 1
26042.253 - 1500 4995.412 1
26042.254 + 1500 1
26042.286 - 1500 4995.423 1
26042.320 - 1500 4995.431 1
26042.339 + 1500 1
26042.353 - 1500 4995.441 1
26042.376 + 1500 1
26042.386 - 1500 4995.454 1
26042.407 + 1500 1
26042.410 - 1500 4995.455 1
26042.436 + 1500 1
26042.462 + 1500 1
26042.494 + 1500 1
26042.503 - 1500 4995.527 1
26042.522 + 1500 1
26042.529 - 1500 4995.533 1
26042.549 + 1500 1
26042.562 + 1500 1
26042.564 - 1500 4995.546 1
26042.573 + 1500 1
26042.586 - 1500 4995.540 1
26042.591 + 1500 1
26042.603 + 1500 1
26042.615 + 1500 1
26042.622 - 1500 4995.360 1
26042.627 + 1500 1
26042.639 + 1500 1
26042.647 - 1500 4995.354 1
26042.650 + 1500 1
26042.662 + 1500 1
26042.673 + 1500 1
26042.683 - 1500 4995.367 1
26042.685 + 1500 1
26042.698 + 1500 1
26042.706 - 1500 4995.363 1
26042.709 + 1500 1
26042.722 + 1500 1
26042.733 + 1500 1
26042.745 + 1500 1
26042.756 - 1500 4995.391 1
26042.757 + 1500 1
26042.778 - 1500 4995.388 1
26042.785 + 1500 1
26042.802 + 1500 1
26042.813 - 1500 4995.396 1
26042.815 + 1500 1
26042.827 + 1500 1
26042.836 - 1500 4995.393 1
26042.839 + 1500 1
26042.850 + 1500 1
26043.474 - 1500 4996.007 1
26043.775 + 1500 1
26043.795 + 1500 1
26043.806 + 1500 1
26043.816 + 1500 1
26043.826 + 1500 1
26043.836 + 1500 1
26043.846 + 1500 1
26043.856 + 1500 1
26043.866 + 1500 1
26043.876 + 1500 1
26043.886 + 1500 1
26043.896 + 1500 1
26043.906 + 1500 1
26043.916 + 1500 1
26043.926 + 1500 1
26043.936 + 1500 1
26043.946 + 1500 1
26043.956 + 1500 1
26043.965 + 1500 1
26043.975 + 1500 1
26043.985 + 1500 1
26043.995 + 1500 1
26044.005 + 1500 1
26044.014 + 1500 1
26044.024 + 1500 1
26044.034 + 1500 1
26044.045 + 1500 1
26044.055 + 1500 1
26044.064 + 1500 1
26044.074 + 1500 1
26044.084 + 1500 1
26044.094 + 1500 1
26044.104 + 1500 1
26044.114 + 1500 1
26044.126 + 1500 1
26044.136 + 1500 1
26044.146 + 1500 1
26045.113 - 1500 4997.623 1
26045.437 - 1500 4997.924 1
26045.465 - 1500 4997.929 1
26045.473 - 1500 4997.915 1
26045.480 - 1500 4997.888 1
26045.487 - 1500 4997.669 1
26045.494 - 1500 4997.661 1
27037.000 # 1500
27037.000 # 1500
27037.000 # 1500
27037.000 # 1500
27037.000 # 1500
27037.000 # 1500
27037.000 # 1500
27037.000 # 1500
27037.000 # 1500
27037.000 # 1500
27037.000 # 1500
27037.000 # 1500
27037.000 # 1500
27037.000 # 1500
27037.000 # 1500
27037.000 # 1500
27037.000 # 1500
27037.000 # 1500
27037.000 # 1500
27037.000 # 1500
27037.000 # 1500
27037.000 # 1500
27037.000 # 1500
27037.000 # 1500
27037.000 # 1500
27037.000 # 1500
27037.000 # 1500
27037.000 # 1500
27037.000 # 1500
27037.000 # 1500
27037.000 # 1500
27037.000 # 1500
27037.000 # 1500
27037.000 # 1500
27037.000 # 1500
27037.000 # 1500
27037.000 # 1500
27037.000 # 1500
27037.000 # 1500
27037.000 # 1500
27037.000 # 1500
27037.000 # 1500
27037.000 # 1500
27037.000 # 1500
27037.000 # 1500
27037.000 # 1500
27037.000 # 1500
27037.000 # 1500
27037.000 # 1500
27037.000 # 1500
27037.000 # 1500
27037.000 # 1500
27037.000 # 1500
27037.000 # 1500
27037.000 # 1500
27037.000 # 1500
27037.000 # 1500
27037.000 # 1500
27037.000 # 1500
27037.000 # 1500
27040.718 - 1500 5992.867 1
27040.805 - 1500 5992.941 1
27040.872 - 1500 5992.994 1
27040.895 - 1500 5993.004 1
27040.932 - 1500 5993.035 1
27040.954 - 1500 5993.051 1
27040.989 - 1500 5993.081 1
27041.011 - 1500 5993.097 1
27041.046 - 1500 5993.127 1
27041.068 - 1500 5993.143 1
27041.171 - 1500 5993.241 1
27041.208 - 1500 5993.272 1
27041.250 - 1500 5993.309 1
27041.274 - 1500 5993.327 1
27041.316 - 1500 5993.363 1
27041.339 - 1500 5993.381 1
27041.376 - 1500 5993.412 1
27041.398 - 1500 5993.429 1
27041.400 + 1500 1
27041.434 - 1500 5993.459 1
27041.456 - 1500 5993.475 1
27041.492 - 1500 5993.505 1
27041.494 + 1500 1
27041.513 - 1500 5993.518 1
27041.549 - 1500 5993.549 1
27041.550 + 1500 1
27041.571 - 1500 5993.564 1
27041.602 + 1500 1
27041.607 - 1500 5993.595 1
27041.629 - 1500 5993.611 1
27041.657 + 1500 1
27041.664 - 1500 5993.641 1
27041.686 - 1500 5993.657 1
27041.725 + 1500 1
27041.728 - 1500 5993.693 1
27041.765 - 1500 5993.725 1
27041.828 - 1500 5993.783 1
27041.861 - 1500 5993.810 1
27041.868 + 1500 1
27041.913 - 1500 5993.856 1
27041.942 + 1500 1
27041.948 - 1500 5993.886 1
27041.997 + 1500 1
27041.998 - 1500 5993.931 1
27042.021 - 1500 5993.948 1
27042.049 + 1500 1
27042.056 - 1500 5993.978 1
27042.079 - 1500 5993.996 1
27042.101 + 1500 1
27042.114 - 1500 5994.025 1
27042.137 - 1500 5994.043 1
27042.152 + 1500 1
27042.172 - 1500 5994.073 1
27042.194 - 1500 5994.089 1
27042.203 + 1500 1
27042.229 - 1500 5994.119 1
27042.252 - 1500 5994.136 1
27042.254 + 1500 1
27042.292 - 1500 5994.171 1
27042.304 + 1500 1
27042.314 - 1500 5994.188 1
27042.349 - 1500 5994.217 1
27042.355 + 1500 1
27042.371 - 1500 5994.233 1
27042.405 + 1500 1
27042.407 - 1500 5994.264 1
27042.429 - 1500 5994.281 1
27042.457 + 1500 1
27042.464 - 1500 5994.310 1
27042.486 - 1500 5994.327 1
27042.508 + 1500 1
27042.521 - 1500 5994.357 1
27042.543 - 1500 5994.374 1
27042.559 + 1500 1
27042.579 - 1500 5994.405 1
27042.602 - 1500 5994.422 1
27042.613 + 1500 1
27042.641 - 1500 5994.455 1
27042.664 - 1500 5994.473 1
27042.668 + 1500 1
27042.716 - 1500 5994.519 1
27042.718 + 1500 1
27042.738 - 1500 5994.535 1
27042.822 + 1500 1
27042.902 + 1500 1
27042.960 + 1500 1
27043.017 + 1500 1
27043.074 + 1500 1
27043.126 + 1500 1
27043.180 + 1500 1
27043.235 + 1500 1
27043.289 + 1500 1
27043.341 + 1500 1
27043.394 + 1500 1
27043.445 + 1500 1
27043.496 + 1500 1
27043.547 + 1500 1
27043.600 + 1500 1
27043.663 + 1500 1
27043.721 + 1500 1
27043.921 + 1500 1
27043.990 + 1500 1
27044.050 + 1500 1
27044.107 + 1500 1
27044.169 + 1500 1
27044.549 + 1500 1
27044.678 + 1500 1
27044.744 + 1500 1
27044.791 + 1500 1
27044.821 + 1500 1
27044.848 + 1500 1
27044.876 + 1500 1
27044.903 + 1500 1
27044.929 + 1500 1
27044.953 + 1500 1
27044.962 + 1500 1
27044.971 + 1500 1
27044.980 + 1500 1
27044.989 + 1500 1
27044.997 + 1500 1
27045.006 + 1500 1
27045.020 + 1500 1
27045.029 + 1500 1
27045.040 + 1500 1
27045.048 + 1500 1
27045.057 + 1500 1
27045.081 + 1500 1
27045.091 + 1500 1
27045.100 + 1500 1
27045.111 + 1500 1
27045.121 + 1500 1
27045.130 + 1500 1
27045.147 + 1500 1
27045.157 + 1500 1
27045.168 + 1500 1
27045.178 + 1500 1
27045.187 + 1500 1
27045.201 + 1500 1
27045.222 + 1500 1
27045.232 + 1500 1
27045.246 + 1500 1
27045.255 + 1500 1
27045.264 + 1500 1
27045.273 + 1500 1
27045.283 + 1500 1
27045.292 + 1500 1
27045.300 + 1500 1
27045.310 + 1500 1
27045.318 + 1500 1
27045.328 + 1500 1
27045.337 + 1500 1
27045.346 + 1500 1
27045.356 + 1500 1
27045.364 + 1500 1
27045.373 + 1500 1
27045.383 + 1500 1
27045.392 + 1500 1
27045.400 + 1500 1
27045.411 + 1500 1
27045.420 + 1500 1
27045.429 + 1500 1
27045.438 + 1500 1
27045.446 + 1500 1
27045.456 + 1500 1
27045.465 + 1500 1
27045.474 + 1500 1
27045.483 + 1500 1
27045.492 + 1500 1
27045.501 + 1500 1
27045.509 + 1500 1
27045.518 + 1500 1
27045.527 + 1500 1
27045.536 + 1500 1
27045.546 + 1500 1
27045.554 + 1500 1
27045.563 + 1500 1
27045.572 + 1500 1
27045.581 + 1500 1
27045.589 + 1500 1
27045.599 + 1500 1
28037.000 # 1500
28037.000 # 1500
28037.000 # 1500
28037.000 # 1500
28037.000 # 1500
28037.000 # 1500
28037.000 # 1500
28037.000 # 1500
28037.000 # 1500
28037.000 # 1500
28037.000 # 1500
28037.000 # 1500
28037.000 # 1500
28037.000 # 1500
28037.000 # 1500
28037.000 # 1500
28037.000 # 1500
28037.000 # 1500
28037.000 # 1500
28037.000 # 1500
28037.000 # 1500
28037.000 # 1500
28037.000 # 1500
28037.000 # 1500
28037.000 # 1500
28037.000 # 1500
28037.000 # 1500
28037.000 # 1500
28037.000 # 1500
28037.000 # 1500
28037.000 # 1500
28037.000 # 1500
28037.000 # 1500
28037.000 # 1500
28037.000 # 1500
28037.000 # 1500
28037.000 # 1500
28037.000 # 1500
28037.000 # 1500
28037.000 # 1500
28037.000 # 1500
28037.000 # 1500
28037.000 # 1500
28037.000 # 1500
28037.000 # 1500
28037.000 # 1500
28037.000 # 1500
28037.000 # 1500
28037.000 # 1500
28037.000 # 1500
28037.000 # 1500
28037.000 # 1500
28037.000 # 1500
28037.000 # 1500
28037.000 # 1500
28037.000 # 1500
28037.000 # 1500
28037.000 # 1500
28037.000 # 1500
28037.000 # 1500
28040.331 - 1500 6992.123 1
28040.407 - 1500 6992.194 1
28040.468 - 1500 6992.249 1
28040.480 + 1500 1
28040.488 - 1500 6992.263 1
28040.518 - 1500 6000.124 1
28040.536 - 1500 6000.051 1
28040.564 - 1500 6000.055 1
28040.582 - 1500 6000.056 1
28040.610 - 1500 6000.067 1
28040.632 + 1500 1
28040.684 + 1500 1
28040.693 - 1500 6000.133 1
28040.731 - 1500 6000.154 1
28040.733 + 1500 1
28040.750 - 1500 6000.157 1
28040.780 + 1500 1
28040.780 - 1500 6000.171 1
28040.799 - 1500 6000.174 1
28040.828 - 1500 6000.188 1
28040.838 + 1500 1
28040.846 - 1500 6000.190 1
28040.876 - 1500 6000.205 1
28040.895 - 1500 6000.208 1
28040.898 + 1500 1
28040.941 - 1500 6000.238 1
28040.972 - 1500 6000.240 1
28040.977 + 1500 1
28041.013 - 1500 6000.255 1
28041.039 - 1500 6000.255 1
28041.066 + 1500 1
28041.080 - 1500 6000.271 1
28041.106 - 1500 6000.280 1
28041.118 + 1500 1
28041.148 - 1500 6000.306 1
28041.163 + 1500 1
28041.174 - 1500 6000.316 1
28041.204 - 1500 6000.330 1
28041.208 + 1500 1
28041.222 - 1500 6000.332 1
28041.250 - 1500 6000.343 1
28041.253 + 1500 1
28041.267 - 1500 6000.337 1
28041.296 - 1500 6000.349 1
28041.298 + 1500 1
28041.315 - 1500 6000.352 1
28041.344 + 1500 1
28041.345 - 1500 6000.246 1
28041.363 - 1500 6000.243 1
28041.392 - 1500 6000.254 1
28041.395 + 1500 1
28041.409 - 1500 6000.253 1
28041.437 - 1500 6000.265 1
28041.440 + 1500 1
28041.455 - 1500 6000.266 1
28041.485 - 1500 6000.277 1
28041.486 + 1500 1
28041.502 - 1500 6000.276 1
28041.531 - 1500 6000.287 1
28041.532 + 1500 1
28041.552 - 1500 6000.292 1
28041.581 + 1500 1
28041.581 - 1500 6000.305 1
28041.599 - 1500 6000.307 1
28041.626 + 1500 1
28041.627 - 1500 6000.312 1
28041.645 - 1500 6000.312 1
28041.670 + 1500 1
28041.685 - 1500 6000.334 1
28041.703 - 1500 6000.336 1
28041.714 + 1500 1
28041.731 - 1500 6000.345 1
28041.749 - 1500 6000.340 1
28041.767 + 1500 1
28041.779 - 1500 6000.346 1
28041.796 - 1500 6000.328 1
28041.816 + 1500 1
28041.824 - 1500 6000.329 1
28041.842 - 1500 6000.327 1
28041.869 - 1500 6000.337 1
28041.887 - 1500 6000.339 1
28041.892 + 1500 1
28041.915 - 1500 6000.351 1
28041.933 - 1500 6000.353 1
28041.944 + 1500 1
28041.963 - 1500 6000.364 1
28041.982 - 1500 6000.367 1
28041.995 + 1500 1
28042.039 + 1500 1
28042.085 + 1500 1
28042.112 + 1500 1
28042.138 + 1500 1
28042.202 + 1500 1
28042.228 + 1500 1
28042.254 + 1500 1
28042.279 + 1500 1
28042.303 + 1500 1
28042.327 + 1500 1
28042.352 + 1500 1
28042.375 + 1500 1
28042.400 + 1500 1
28042.424 + 1500 1
28042.448 + 1500 1
28042.472 + 1500 1
28042.499 + 1500 1
28042.563 + 1500 1
28042.608 + 1500 1
28042.634 + 1500 1
28042.659 + 1500 1
28042.683 + 1500 1
28042.707 + 1500 1
28042.731 + 1500 1
28042.754 + 1500 1
28042.778 + 1500 1
28042.802 + 1500 1
28042.825 + 1500 1
28042.839 + 1500 1
28042.853 + 1500 1
28042.866 + 1500 1
28042.880 + 1500 1
28042.894 + 1500 1
28042.915 + 1500 1
28042.930 + 1500 1
28042.943 + 1500 1
28042.959 + 1500 1
28042.973 + 1500 1
28042.989 + 1500 1
28043.003 + 1500 1
28043.017 + 1500 1
28043.032 + 1500 1
28043.046 + 1500 1
28043.059 + 1500 1
28043.077 + 1500 1
28043.091 + 1500 1
28043.106 + 1500 1
28043.120 + 1500 1
28043.134 + 1500 1
28043.149 + 1500 1
28043.162 + 1500 1
28043.176 + 1500 1
28043.192 + 1500 1
28043.206 + 1500 1
28043.221 + 1500 1
28043.234 + 1500 1
28043.248 + 1500 1
28043.263 + 1500 1
28043.278 + 1500 1
28043.293 + 1500 1
28043.307 + 1500 1
28043.320 + 1500 1
28043.335 + 1500 1
28043.349 + 1500 1
28043.362 + 1500 1
28043.378 + 1500 1
28043.391 + 1500 1
28043.406 + 1500 1
28043.420 + 1500 1
28043.434 + 1500 1
28043.455 + 1500 1
28043.469 + 1500 1
28043.483 + 1500 1
28043.498 + 1500 1
28043.512 + 1500 1
28043.527 + 1500 1
28043.540 + 1500 1
28043.554 + 1500 1
28043.569 + 1500 1
28043.582 + 1500 1
28043.597 + 1500 1
28043.611 + 1500 1
28043.624 + 1500 1
28043.641 + 1500 1
28043.654 + 1500 1
28043.668 + 1500 1
28043.682 + 1500 1
28043.696 + 1500 1
28043.711 + 1500 1
28043.725 + 1500 1
28043.738 + 1500 1
28043.753 + 1500 1
29037.000 # 1500
29037.000 # 1500
29037.000 # 1500
29037.000 # 1500
29037.000 # 1500
29037.000 # 1500
29037.000 # 1500
29037.000 # 1500
29037.000 # 1500
29037.000 # 1500
29037.000 # 1500
29037.000 # 1500
29037.000 # 1500
29037.000 # 1500
29037.000 # 1500
29037.000 # 1500
29037.000 # 1500
29037.000 # 1500
29037.000 # 1500
29037.000 # 1500
29037.000 # 1500
29037.000 # 1500
29037.000 # 1500
29037.000 # 1500
29037.000 # 1500
29037.000 # 1500
29037.000 # 1500
29037.000 # 1500
29037.000 # 1500
29037.000 # 1500
29037.000 # 1500
29037.000 # 1500
29037.000 # 1500
29037.000 # 1500
29037.000 # 1500
29037.000 # 1500
29037.000 # 1500
29037.000 # 1500
29037.000 # 1500
29037.000 # 1500
29037.000 # 1500
29037.000 # 1500
29037.000 # 1500
29037.000 # 1500
29037.000 # 1500
29037.000 # 1500
29037.000 # 1500
29037.000 # 1500
29037.000 # 1500
29037.000 # 1500
29037.000 # 1500
29037.000 # 1500
29037.000 # 1500
29037.000 # 1500
29037.000 # 1500
29037.000 # 1500
29037.000 # 1500
29037.000 # 1500
29037.000 # 1500
29037.000 # 1500
29040.891 - 1500 6999.258 1
29041.116 - 1500 6999.468 1
29041.148 - 1500 6999.484 1
29041.160 - 1500 6999.480 1
29041.170 - 1500 6999.483 1
29041.182 - 1500 6999.488 1
29041.192 - 1500 6999.492 1
29041.202 - 1500 6999.496 1
29041.213 - 1500 6999.500 1
29041.223 - 1500 6999.504 1
29041.233 - 1500 6999.508 1
29041.244 - 1500 6999.512 1
29041.254 - 1500 6999.516 1
29041.264 - 1500 6999.520 1
29041.274 - 1500 6999.523 1
29041.284 - 1500 6999.526 1
29041.294 - 1500 6999.530 1
29041.304 - 1500 6999.533 1
29041.315 - 1500 6999.538 1
29041.326 - 1500 6999.542 1
29041.337 - 1500 6999.547 1
29041.347 - 1500 6999.551 1
29041.357 - 1500 6999.554 1
29041.368 - 1500 6999.559 1
29041.378 - 1500 6999.563 1
29041.388 - 1500 6999.566 1
29041.398 - 1500 6999.570 1
29041.408 - 1500 6999.573 1
29041.417 - 1500 6999.576 1
29041.427 - 1500 6999.580 1
29041.436 - 1500 6999.583 1
29041.497 - 1500 6999.637 1
29041.521 - 1500 6999.655 1
29041.532 - 1500 6999.659 1
29041.543 - 1500 6999.664 1
29041.553 - 1500 6999.667 1
29041.563 - 1500 6999.671 1
29041.574 - 1500 6999.676 1
29041.584 - 1500 6999.679 1
29041.594 - 1500 6999.683 1
29041.604 - 1500 6999.687 1
29041.614 - 1500 6999.690 1
29041.624 - 1500 6999.694 1
29041.634 - 1500 6999.698 1
29041.644 - 1500 6999.701 1
29041.654 - 1500 6999.705 1
29041.664 - 1500 6999.708 1
29041.674 - 1500 6999.712 1
29041.684 - 1500 6999.715 1
29041.694 - 1500 6999.719 1
29041.704 - 1500 6999.723 1
29041.714 - 1500 6999.726 1
29041.724 - 1500 6999.730 1
29041.734 - 1500 6999.733 1
29041.744 - 1500 6999.737 1
29041.754 - 1500 6999.710 1
29041.764 - 1500 6999.706 1
29041.774 - 1500 6999.707 1
29041.784 - 1500 6999.710 1
29041.797 - 1500 6999.716 1
29041.949 + 1500 1
29042.090 + 1500 1
29042.170 + 1500 1
29042.224 + 1500 1
29042.272 + 1500 1
29042.322 + 1500 1
29042.371 + 1500 1
29042.420 + 1500 1
29042.470 + 1500 1
29042.522 + 1500 1
29042.570 + 1500 1
29042.619 + 1500 1
29042.667 + 1500 1
29042.715 + 1500 1
29042.762 + 1500 1
29042.810 + 1500 1
29042.856 + 1500 1
29042.903 + 1500 1
29042.949 + 1500 1
29042.996 + 1500 1
29043.097 + 1500 1
29043.160 + 1500 1
29043.208 + 1500 1
29043.256 + 1500 1
29043.304 + 1500 1
29043.360 + 1500 1
29043.407 + 1500 1
29043.453 + 1500 1
29043.510 + 1500 1
29043.562 + 1500 1
29043.589 + 1500 1
29043.615 + 1500 1
29043.641 + 1500 1
29043.669 + 1500 1
29043.683 + 1500 1
29043.698 + 1500 1
29043.713 + 1500 1
29043.729 + 1500 1
29043.743 + 1500 1
29043.758 + 1500 1
29043.773 + 1500 1
29043.788 + 1500 1
29043.803 + 1500 1
29043.818 + 1500 1
29043.833 + 1500 1
29043.848 + 1500 1
29043.862 + 1500 1
29043.877 + 1500 1
29043.892 + 1500 1
29043.907 + 1500 1
29043.921 + 1500 1
29043.937 + 1500 1
29043.952 + 1500 1
29043.967 + 1500 1
29043.982 + 1500 1
29043.997 + 1500 1
29044.013 + 1500 1
29044.028 + 1500 1
29044.090 + 1500 1
29044.111 + 1500 1
29044.127 + 1500 1
29044.146 + 1500 1
29044.162 + 1500 1
29044.177 + 1500 1
29044.193 + 1500 1
29044.208 + 1500 1
29044.224 + 1500 1
29044.241 + 1500 1
29044.256 + 1500 1
29044.271 + 1500 1
29044.288 + 1500 1
29044.303 + 1500 1
29044.320 + 1500 1
29044.335 + 1500 1
29044.350 + 1500 1
29044.370 + 1500 1
29044.385 + 1500 1
29044.402 + 1500 1
29044.417 + 1500 1
29044.432 + 1500 1
29044.449 + 1500 1
29044.464 + 1500 1
29044.479 + 1500 1
29044.496 + 1500 1
29044.511 + 1500 1
29044.528 + 1500 1
29044.543 + 1500 1
29044.558 + 1500 1
29044.575 + 1500 1
29044.590 + 1500 1
29044.607 + 1500 1
29044.622 + 1500 1
29044.637 + 1500 1
29044.654 + 1500 1
29044.670 + 1500 1
29044.685 + 1500 1
29044.701 + 1500 1
29044.716 + 1500 1
29044.733 + 1500 1
29044.748 + 1500 1
29044.763 + 1500 1
29044.780 + 1500 1
29044.795 + 1500 1
29044.810 + 1500 1
29044.827 + 1500 1
29044.842 + 1500 1
29044.859 + 1500 1
29044.874 + 1500 1
29044.888 + 1500 1
29044.905 + 1500 1
29044.920 + 1500 1
29044.937 + 1500 1
29044.952 + 1500 1
29044.967 + 1500 1
29044.985 + 1500 1
29045.000 + 1500 1
29045.016 + 1500 1
29045.062 + 1500 1
29045.087 + 1500 1
29045.105 + 1500 1
30037.000 # 1500
30037.000 # 1500
30037.000 # 1500
30037.000 # 1500
30037.000 # 1500
30037.000 # 1500
30037.000 # 1500
30037.000 # 1500
30037.000 # 1500
30037.000 # 1500
30037.000 # 1500
30037.000 # 1500
30037.000 # 1500
30037.000 # 1500
30037.000 # 1500
30037.000 # 1500
30037.000 # 1500
30037.000 # 1500
30037.000 # 1500
30037.000 # 1500
30037.000 # 1500
30037.000 # 1500
30037.000 # 1500
30037.000 # 1500
30037.000 # 1500
30037.000 # 1500
30037.000 # 1500
30037.000 # 1500
30037.000 # 1500
30037.000 # 1500
30037.000 # 1500
30037.000 # 1500
30037.000 # 1500
30037.000 # 1500
30037.000 # 1500
30037.000 # 1500
30037.000 # 1500
30037.000 # 1500
30037.000 # 1500
30037.000 # 1500
30037.000 # 1500
30037.000 # 1500
30037.000 # 1500
30037.000 # 1500
30037.000 # 1500
30037.000 # 1500
30037.000 # 1500
30037.000 # 1500
30037.000 # 1500
30037.000 # 1500
30037.000 # 1500
30037.000 # 1500
30037.000 # 1500
30037.000 # 1500
30037.000 # 1500
30037.000 # 1500
30037.000 # 1500
30037.000 # 1500
30037.000 # 1500
30037.000 # 1500
30041.064 - 1500 7998.977 1
30041.185 - 1500 7999.091 1
30041.885 - 1500 7999.785 1
30041.923 - 1500 7999.816 1
30041.964 - 1500 7001.781 1
30041.987 - 1500 7001.753 1
30042.021 - 1500 7001.757 1
30042.043 - 1500 7001.749 1
30042.077 - 1500 7001.753 1
30042.099 - 1500 7001.747 1
30042.132 - 1500 7001.255 1
30042.154 - 1500 7001.240 1
30042.188 - 1500 7001.242 1
30042.210 - 1500 7001.232 1
30042.244 - 1500 7001.236 1
30042.265 - 1500 7001.228 1
30042.380 - 1500 7001.309 1
30042.407 - 1500 7001.307 1
30042.447 - 1500 7001.318 1
30042.470 - 1500 7001.305 1
30042.507 - 1500 7001.312 1
30042.530 - 1500 7001.305 1
30042.565 - 1500 7001.310 1
30042.588 - 1500 7001.304 1
30042.623 - 1500 7001.309 1
30042.645 - 1500 7001.301 1
30042.679 - 1500 7001.305 1
30042.702 - 1500 7001.297 1
30042.736 - 1500 7001.248 1
30042.758 - 1500 7001.069 1
30042.793 - 1500 7001.068 1
30042.815 - 1500 7001.060 1
30042.851 - 1500 7001.066 1
30042.873 - 1500 7001.044 1
30042.908 - 1500 7001.034 1
30042.932 - 1500 7001.009 1
30042.966 - 1500 7000.993 1
30042.988 - 1500 7000.955 1
30043.025 - 1500 7000.943 1
30043.046 - 1500 7000.908 1
30043.081 - 1500 7000.887 1
30043.103 - 1500 7000.651 1
30043.138 - 1500 7000.623 1
30043.160 - 1500 7000.586 1
30043.195 - 1500 7000.569 1
30043.217 - 1500 7000.529 1
30043.364 - 1500 7000.619 1
30043.407 - 1500 7000.455 1
30043.453 - 1500 7000.462 1
30043.477 - 1500 7000.456 1
30043.515 - 1500 7000.464 1
30043.537 - 1500 7000.456 1
30043.572 - 1500 7000.454 1
30043.594 - 1500 7000.466 1
30043.629 - 1500 7000.491 1
30043.651 - 1500 7000.503 1
30043.689 - 1500 7000.530 1
30043.713 - 1500 7000.543 1
30043.749 - 1500 7000.570 1
30043.770 - 1500 7000.581 1
30044.952 + 1500 1
30045.061 + 1500 1
30045.165 + 1500 1
30045.619 + 1500 1
30045.670 + 1500 1
30045.691 + 1500 1
30045.709 + 1500 1
30045.727 + 1500 1
30045.745 + 1500 1
30045.762 + 1500 1
30045.780 + 1500 1
30045.798 + 1500 1
30045.815 + 1500 1
30045.833 + 1500 1
30045.851 + 1500 1
30045.868 + 1500 1
30045.886 + 1500 1
30045.903 + 1500 1
30045.921 + 1500 1
30045.938 + 1500 1
30045.955 + 1500 1
30045.973 + 1500 1
30045.991 + 1500 1
30046.008 + 1500 1
30046.025 + 1500 1
30046.042 + 1500 1
30046.060 + 1500 1
30046.077 + 1500 1
30046.094 + 1500 1
30046.112 + 1500 1
30046.129 + 1500 1
30046.146 + 1500 1
30046.164 + 1500 1
30046.233 + 1500 1
30046.260 + 1500 1
30046.279 + 1500 1
30046.297 + 1500 1
30046.314 + 1500 1
30046.332 + 1500 1
30046.349 + 1500 1
30046.366 + 1500 1
30046.383 + 1500 1
30046.401 + 1500 1
30046.418 + 1500 1
30046.435 + 1500 1
30046.452 + 1500 1
30046.470 + 1500 1
30046.487 + 1500 1
30046.505 + 1500 1
30046.522 + 1500 1
30046.540 + 1500 1
30046.557 + 1500 1
30046.574 + 1500 1
30046.591 + 1500 1
30046.609 + 1500 1
30046.626 + 1500 1
30046.643 + 1500 1
30046.660 + 1500 1
30046.677 + 1500 1
30046.695 + 1500 1
30046.712 + 1500 1
30046.730 + 1500 1
30046.754 + 1500 1
30046.772 + 1500 1
30046.799 + 1500 1
30046.817 + 1500 1
30046.834 + 1500 1
30046.853 + 1500 1
30046.870 + 1500 1
30046.888 + 1500 1
30046.907 + 1500 1
30046.926 + 1500 1
30046.945 + 1500 1
30046.963 + 1500 1
30046.980 + 1500 1
30046.999 + 1500 1
30047.017 + 1500 1
30047.034 + 1500 1
30047.053 + 1500 1
30047.070 + 1500 1
30047.090 + 1500 1
30047.108 + 1500 1
30047.125 + 1500 1
30047.147 + 1500 1
30047.201 + 1500 1
30047.228 + 1500 1
30047.246 + 1500 1
30047.264 + 1500 1
30047.283 + 1500 1
30047.301 + 1500 1
30047.525 + 1500 1
30047.560 + 1500 1
30047.753 + 1500 1
30047.798 + 1500 1
30047.818 + 1500 1
30047.837 + 1500 1
30047.857 + 1500 1
30047.877 + 1500 1
30047.894 + 1500 1
30047.913 + 1500 1
30047.930 + 1500 1
30047.949 + 1500 1
30047.966 + 1500 1
30047.983 + 1500 1
30048.002 + 1500 1
30048.019 + 1500 1
30048.036 + 1500 1
30048.056 + 1500 1
30048.073 + 1500 1
30048.098 + 1500 1
30048.116 + 1500 1
30048.161 + 1500 1
30048.192 + 1500 1
30048.211 + 1500 1
30048.229 + 1500 1
30048.246 + 1500 1
30048.263 + 1500 1
30048.282 + 1500 1
30048.299 + 1500 1
30048.322 + 1500 1
31037.000 # 1500
31037.000 # 1500
31037.000 # 1500
31037.000 # 1500
31037.000 # 1500
31037.000 # 1500
31037.000 # 1500
31037.000 # 1500
31037.000 # 1500
31037.000 # 1500
31037.000 # 1500
31037.000 # 1500
31037.000 # 1500
31037.000 # 1500
31037.000 # 1500
31037.000 # 1500
31037.000 # 1500
31037.000 # 1500
31037.000 # 1500
31037.000 # 1500
31037.000 # 1500
31037.000 # 1500
31037.000 # 1500
31037.000 # 1500
31037.000 # 1500
31037.000 # 1500
31037.000 # 1500
31037.000 # 1500
31037.000 # 1500
31037.000 # 1500
31037.000 # 1500
31037.000 # 1500
31037.000 # 1500
31037.000 # 1500
31037.000 # 1500
31037.000 # 1500
31037.000 # 1500
31037.000 # 1500
31037.000 # 1500
31037.000 # 1500
31037.000 # 1500
31037.000 # 1500
31037.000 # 1500
31037.000 # 1500
31037.000 # 1500
31037.000 # 1500
31037.000 # 1500
31037.000 # 1500
31037.000 # 1500
31037.000 # 1500
31037.000 # 1500
31037.000 # 1500
31037.000 # 1500
31037.000 # 1500
31037.000 # 1500
31037.000 # 1500
31037.000 # 1500
31037.000 # 1500
31037.000 # 1500
31037.000 # 1500
31039.863 - 1500 7996.641 1
31042.745 - 1500 7999.418 1
31042.844 - 1500 7999.504 1
31042.871 - 1500 7999.522 1
31042.922 - 1500 7999.568 1
31042.942 + 1500 1
31042.945 - 1500 7999.587 1
31042.981 - 1500 7999.619 1
31043.003 - 1500 7999.637 1
31043.044 - 1500 7999.674 1
31043.064 - 1500 7999.690 1
31043.087 + 1500 1
31043.097 - 1500 7999.719 1
31043.118 - 1500 7999.736 1
31043.145 + 1500 1
31043.150 - 1500 7999.764 1
31043.170 - 1500 7999.780 1
31043.197 + 1500 1
31043.202 - 1500 7999.809 1
31043.223 - 1500 7999.826 1
31043.246 + 1500 1
31043.255 - 1500 7999.854 1
31043.275 - 1500 7999.867 1
31043.298 + 1500 1
31043.309 - 1500 7999.898 1
31043.331 - 1500 7999.916 1
31043.351 + 1500 1
31043.364 - 1500 7999.945 1
31043.385 - 1500 7999.963 1
31043.418 - 1500 7999.992 1
31043.426 + 1500 1
31043.438 - 1500 8000.008 1
31043.471 - 1500 8000.037 1
31043.491 - 1500 8000.053 1
31043.492 + 1500 1
31043.524 - 1500 7999.687 1
31043.544 - 1500 7999.691 1
31043.549 + 1500 1
31043.577 - 1500 7999.720 1
31043.597 - 1500 7999.735 1
31043.601 + 1500 1
31043.629 - 1500 7999.764 1
31043.650 - 1500 7999.781 1
31043.654 + 1500 1
31043.683 - 1500 7999.810 1
31043.701 - 1500 7999.824 1
31043.704 + 1500 1
31043.727 - 1500 7999.846 1
31043.744 - 1500 7999.860 1
31043.747 + 1500 1
31043.769 - 1500 7999.881 1
31043.786 - 1500 7999.894 1
31043.790 + 1500 1
31043.812 - 1500 7999.916 1
31043.828 - 1500 7999.928 1
31043.834 + 1500 1
31043.855 - 1500 7999.944 1
31043.871 - 1500 7999.955 1
31043.877 + 1500 1
31043.906 - 1500 7999.986 1
31043.910 + 1500 1
31043.922 - 1500 7999.998 1
31043.942 + 1500 1
31043.975 + 1500 1
31044.007 + 1500 1
31044.039 + 1500 1
31044.070 + 1500 1
31044.102 + 1500 1
31044.134 + 1500 1
31044.166 + 1500 1
31044.241 + 1500 1
31044.294 + 1500 1
31044.329 + 1500 1
31044.363 + 1500 1
31044.829 + 1500 1
31044.886 + 1500 1
31044.911 + 1500 1
31044.935 + 1500 1
31044.958 + 1500 1
31044.982 + 1500 1
31045.004 + 1500 1
31045.028 + 1500 1
31045.051 + 1500 1
31045.075 + 1500 1
31045.098 + 1500 1
31045.123 + 1500 1
31045.146 + 1500 1
31045.169 + 1500 1
31045.191 + 1500 1
31045.213 + 1500 1
31045.244 + 1500 1
31045.261 + 1500 1
31045.278 + 1500 1
31045.295 + 1500 1
31045.312 + 1500 1
31045.329 + 1500 1
31045.347 + 1500 1
31045.364 + 1500 1
31045.381 + 1500 1
31045.398 + 1500 1
31045.416 + 1500 1
31045.433 + 1500 1
31045.450 + 1500 1
31045.467 + 1500 1
31045.483 + 1500 1
31045.501 + 1500 1
31045.525 + 1500 1
31045.543 + 1500 1
31045.559 + 1500 1
31045.578 + 1500 1
31045.595 + 1500 1
31045.612 + 1500 1
31045.696 - 1500 8001.768 1
31045.714 - 1500 8001.782 1
31045.739 - 1500 8001.804 1
31045.753 - 1500 8001.814 1
31045.776 - 1500 8001.833 1
31045.790 - 1500 8001.843 1
31045.810 - 1500 8001.859 1
31045.823 - 1500 8001.868 1
31045.843 - 1500 8001.884 1
31045.855 - 1500 8001.892 1
31045.875 - 1500 8001.909 1
31045.889 - 1500 8001.919 1
31045.909 - 1500 8001.935 1
31045.922 - 1500 8001.945 1
31045.942 - 1500 8001.961 1
31045.954 - 1500 8001.969 1
32037.000 # 1500
32037.000 # 1500
32037.000 # 1500
32037.000 # 1500
32037.000 # 1500
32037.000 # 1500
32037.000 # 1500
32037.000 # 1500
32037.000 # 1500
32037.000 # 1500
32037.000 # 1500
32037.000 # 1500
32037.000 # 1500
32037.000 # 1500
32037.000 # 1500
32037.000 # 1500
32037.000 # 1500
32037.000 # 1500
32037.000 # 1500
32037.000 # 1500
32037.000 # 1500
32037.000 # 1500
32037.000 # 1500
32037.000 # 1500
32037.000 # 1500
32037.000 # 1500
32037.000 # 1500
32037.000 # 1500
32037.000 # 1500
32037.000 # 1500
32037.000 # 1500
32037.000 # 1500
32037.000 # 1500
32037.000 # 1500
32037.000 # 1500
32037.000 # 1500
32037.000 # 1500
32037.000 # 1500
32037.000 # 1500
32037.000 # 1500
32037.000 # 1500
32037.000 # 1500
32037.000 # 1500
32037.000 # 1500
32037.000 # 1500
32037.000 # 1500
32037.000 # 1500
32037.000 # 1500
32037.000 # 1500
32037.000 # 1500
32037.000 # 1500
32037.000 # 1500
32037.000 # 1500
32037.000 # 1500
32037.000 # 1500
32037.000 # 1500
32037.000 # 1500
32037.000 # 1500
32037.000 # 1500
32037.000 # 1500
32041.225 - 1500 8997.237 1
32041.348 - 1500 8997.356 1
32041.480 - 1500 8997.485 1
32041.555 - 1500 8997.556 1
32041.623 - 1500 8000.528 1
32041.693 - 1500 8000.533 1
32041.749 - 1500 8000.549 1
32041.803 - 1500 8000.561 1
32041.874 - 1500 8000.592 1
32041.927 - 1500 8000.603 1
32041.991 - 1500 8000.626 1
32042.056 - 1500 8000.647 1
32042.106 - 1500 8000.662 1
32042.154 - 1500 8000.390 1
32042.202 - 1500 8000.383 1
32042.251 - 1500 8000.375 1
32042.301 - 1500 8000.371 1
32042.350 - 1500 8000.366 1
32042.398 - 1500 8000.360 1
32042.448 - 1500 8000.357 1
32042.499 - 1500 8000.356 1
32042.584 - 1500 8000.388 1
32042.631 - 1500 8000.383 1
32042.668 - 1500 8000.366 1
32042.704 - 1500 8000.349 1
32042.739 - 1500 8000.327 1
32042.774 - 1500 8000.304 1
32042.808 - 1500 8000.285 1
32042.843 - 1500 8000.266 1
32042.878 - 1500 8000.250 1
32042.913 - 1500 8000.233 1
32042.950 - 1500 8000.220 1
32042.996 - 1500 8000.215 1
32043.032 - 1500 8000.203 1
32043.067 - 1500 8000.190 1
32043.092 - 1500 8000.168 1
32043.107 - 1500 8000.136 1
32043.123 - 1500 8000.105 1
32043.138 - 1500 8000.072 1
32043.153 - 1500 8000.041 1
32043.167 - 1500 8000.009 1
32043.182 - 1500 7999.959 1
32043.197 - 1500 7999.918 1
32043.213 - 1500 7999.886 1
32043.227 - 1500 7999.853 1
32043.242 - 1500 7999.821 1
32043.257 - 1500 7999.788 1
32043.272 - 1500 7999.688 1
32043.287 - 1500 7999.644 1
32043.302 - 1500 7999.609 1
32043.317 - 1500 7999.574 1
32043.332 - 1500 7999.540 1
32043.349 - 1500 7999.512 1
32043.364 - 1500 7999.481 1
32043.379 - 1500 7999.462 1
32043.394 - 1500 7999.384 1
32043.408 - 1500 7999.342 1
32043.424 - 1500 7999.321 1
32043.439 - 1500 7999.302 1
32043.454 - 1500 7999.227 1
33037.000 # 1500
33037.000 # 1500
33037.000 # 1500
33037.000 # 1500
33037.000 # 1500
33037.000 # 1500
33037.000 # 1500
33037.000 # 1500
33037.000 # 1500
33037.000 # 1500
33037.000 # 1500
33037.000 # 1500
33037.000 # 1500
33037.000 # 1500
33037.000 # 1500
33037.000 # 1500
33037.000 # 1500
33037.000 # 1500
33037.000 # 1500
33037.000 # 1500
33037.000 # 1500
33037.000 # 1500
33037.000 # 1500
33037.000 # 1500
33037.000 # 1500
33037.000 # 1500
33037.000 # 1500
33037.000 # 1500
33037.000 # 1500
33037.000 # 1500
33037.000 # 1500
33037.000 # 1500
33037.000 # 1500
33037.000 # 1500
33037.000 # 1500
33037.000 # 1500
33037.000 # 1500
33037.000 # 1500
33037.000 # 1500
33037.000 # 1500
33037.000 # 1500
33037.000 # 1500
33037.000 # 1500
33037.000 # 1500
33037.000 # 1500
33037.000 # 1500
33037.000 # 1500
33037.000 # 1500
33037.000 # 1500
33037.000 # 1500
33037.000 # 1500
33037.000 # 1500
33037.000 # 1500
33037.000 # 1500
33037.000 # 1500
33037.000 # 1500
33037.000 # 1500
33037.000 # 1500
33037.000 # 1500
33037.000 # 1500
33038.726 - 1500 8994.457 1
33039.300 - 1500 8994.994 1
33039.374 - 1500 8995.034 1
33039.410 - 1500 8995.034 1
33039.447 - 1500 8995.047 1
33039.510 - 1500 8995.076 1
33039.563 - 1500 8995.108 1
33039.615 - 1500 8995.137 1
33039.667 - 1500 8995.168 1
33039.719 - 1500 8995.201 1
33039.778 - 1500 8995.238 1
33039.819 - 1500 8995.257 1
33039.870 - 1500 8995.286 1
33039.906 - 1500 8995.298 1
33039.943 - 1500 8995.313 1
33039.979 - 1500 8995.326 1
33040.025 - 1500 8995.351 1
33040.143 - 1500 8995.449 1
33040.216 - 1500 8995.499 1
33040.282 - 1500 8995.545 1
33040.322 - 1500 8995.563 1
33040.357 - 1500 8995.574 1
33040.926 - 1500 8996.122 1
33041.008 - 1500 8996.172 1
33041.048 - 1500 8996.191 1
33041.087 - 1500 8996.208 1
33041.124 - 1500 8996.223 1
33041.160 - 1500 8996.238 1
33041.196 - 1500 8996.252 1
33041.235 - 1500 8996.271 1
33041.271 - 1500 8996.288 1
33041.307 - 1500 8996.302 1
33041.343 - 1500 8996.318 1
33041.379 - 1500 8996.334 1
33041.416 - 1500 8996.348 1
33041.453 - 1500 8996.362 1
33041.489 - 1500 8996.376 1
33041.525 - 1500 8996.392 1
33041.560 - 1500 8996.406 1
33041.597 - 1500 8996.420 1
33041.632 - 1500 8996.436 1
33041.668 - 1500 8996.450 1
33041.704 - 1500 8996.466 1
33041.740 - 1500 8996.483 1
33041.778 - 1500 8996.493 1
33041.814 - 1500 8996.508 1
33041.851 - 1500 8996.524 1
33041.888 - 1500 8996.538 1
33041.924 - 1500 8996.552 1
33041.961 - 1500 8996.565 1
33041.993 - 1500 8996.577 1
33042.004 - 1500 8996.566 1
33042.014 - 1500 8996.554 1
33042.024 - 1500 8996.543 1
33042.034 - 1500 8996.496 1
33042.045 - 1500 8996.474 1
33042.055 - 1500 8996.462 1
33042.084 - 1500 8996.468 1
33042.097 - 1500 8996.459 1
33042.108 - 1500 8996.448 1
34037.000 # 1500
34037.000 # 1500
34037.000 # 1500
34037.000 # 1500
34037.000 # 1500
34037.000 # 1500
34037.000 # 1500
34037.000 # 1500
34037.000 # 1500
34037.000 # 1500
34037.000 # 1500
34037.000 # 1500
34037.000 # 1500
34037.000 # 1500
34037.000 # 1500
34037.000 # 1500
34037.000 # 1500
34037.000 # 1500
34037.000 # 1500
34037.000 # 1500
34037.000 # 1500
34037.000 # 1500
34037.000 # 1500
34037.000 # 1500
34037.000 # 1500
34037.000 # 1500
34037.000 # 1500
34037.000 # 1500
34037.000 # 1500
34037.000 # 1500
34037.000 # 1500
34037.000 # 1500
34037.000 # 1500
34037.000 # 1500
34037.000 # 1500
34037.000 # 1500
34037.000 # 1500
34037.000 # 1500
34037.000 # 1500
34037.000 # 1500
34037.000 # 1500
34037.000 # 1500
34037.000 # 1500
34037.000 # 1500
34037.000 # 1500
34037.000 # 1500
34037.000 # 1500
34037.000 # 1500
34037.000 # 1500
34037.000 # 1500
34037.000 # 1500
34037.000 # 1500
34037.000 # 1500
34037.000 # 1500
34037.000 # 1500
34037.000 # 1500
34037.000 # 1500
34037.000 # 1500
34037.000 # 1500
34037.000 # 1500
34040.462 - 1500 9994.777 1
34040.627 - 1500 9994.921 1
34040.690 - 1500 9994.964 1
34040.746 - 1500 9994.575 1
34040.797 - 1500 8999.890 1
34040.847 - 1500 8999.873 1
34040.895 - 1500 8999.872 1
34040.946 - 1500 8999.532 1
34041.062 - 1500 8999.389 1
34041.128 - 1500 8999.390 1
34041.180 - 1500 8999.388 1
34041.232 - 1500 8999.379 1
34041.284 - 1500 8999.381 1
34041.353 - 1500 8999.409 1
34041.403 - 1500 8999.429 1
34041.455 - 1500 8999.451 1
34041.518 - 1500 8999.485 1
34041.569 - 1500 8999.508 1
34041.618 - 1500 8999.529 1
34041.720 - 1500 8999.602 1
34041.814 - 1500 8999.666 1
34041.879 - 1500 8999.701 1
34041.935 - 1500 8999.728 1
34041.991 - 1500 8999.755 1
34042.045 - 1500 8999.779 1
34042.099 - 1500 8999.805 1
34042.156 - 1500 8999.832 1
34042.211 - 1500 8999.859 1
34042.265 - 1500 8999.883 1
34042.320 - 1500 8999.909 1
34042.374 - 1500 8999.913 1
34042.428 - 1500 8999.938 1
34042.494 - 1500 8999.975 1
34042.548 - 1500 8999.999 1
34042.601 - 1500 9000.016 1
34042.654 - 1500 9000.034 1
34042.703 - 1500 9000.052 1
34042.753 - 1500 9000.073 1
34042.802 - 1500 9000.091 1
34042.850 - 1500 9000.110 1
34042.899 - 1500 9000.035 1
34042.948 - 1500 9000.046 1
34042.997 - 1500 9000.056 1
34043.046 - 1500 9000.073 1
34043.095 - 1500 9000.081 1
34043.144 - 1500 9000.089 1
34043.193 - 1500 9000.108 1
34043.242 - 1500 9000.121 1
34043.291 - 1500 9000.140 1
34043.340 - 1500 9000.159 1
34043.389 - 1500 8999.805 1
34043.438 - 1500 8999.819 1
34043.487 - 1500 8999.366 1
34043.536 - 1500 8999.353 1
34043.585 - 1500 8999.367 1
34043.634 - 1500 8999.385 1
34043.683 - 1500 8999.405 1
34043.798 - 1500 8999.492 1
34043.857 - 1500 8999.520 1
34043.909 - 1500 8999.551 1
35037.000 # 1500
35037.000 # 1500
35037.000 # 1500
35037.000 # 1500
35037.000 # 1500
35037.000 # 1500
35037.000 # 1500
35037.000 # 1500
35037.000 # 1500
35037.000 # 1500
35037.000 # 1500
35037.000 # 1500
35037.000 # 1500
35037.000 # 1500
35037.000 # 1500
35037.000 # 1500
35037.000 # 1500
35037.000 # 1500
35037.000 # 1500
35037.000 # 1500
35037.000 # 1500
35037.000 # 1500
35037.000 # 1500
35037.000 # 1500
35037.000 # 1500
35037.000 # 1500
35037.000 # 1500
35037.000 # 1500
35037.000 # 1500
35037.000 # 1500
35037.000 # 1500
35037.000 # 1500
35037.000 # 1500
35037.000 # 1500
35037.000 # 1500
35037.000 # 1500
35037.000 # 1500
35037.000 # 1500
35037.000 # 1500
35037.000 # 1500
35037.000 # 1500
35037.000 # 1500
35037.000 # 1500
35037.000 # 1500
35037.000 # 1500
35037.000 # 1500
35037.000 # 1500
35037.000 # 1500
35037.000 # 1500
35037.000 # 1500
35037.000 # 1500
35037.000 # 1500
35037.000 # 1500
35037.000 # 1500
35037.000 # 1500
35037.000 # 1500
35037.000 # 1500
35037.000 # 1500
35037.000 # 1500
35037.000 # 1500
35039.610 - 1500 9995.233 1
35039.918 - 1500 9995.524 1
35039.968 - 1500 9995.557 1
35040.010 - 1500 9995.580 1
35040.050 - 1500 9995.612 1
35040.089 - 1500 9995.644 1
35040.128 - 1500 9995.675 1
35040.167 - 1500 9995.707 1
35041.016 - 1500 9996.549 1
35041.074 - 1500 9996.599 1
35041.102 - 1500 9996.619 1
35041.128 - 1500 9996.638 1
35041.161 - 1500 9996.663 1
35041.185 - 1500 9996.680 1
35041.210 - 1500 9996.698 1
35041.235 - 1500 9996.715 1
35041.261 - 1500 9996.734 1
35041.286 - 1500 9996.752 1
35041.310 - 1500 9996.769 1
35041.335 - 1500 9996.787 1
35041.359 - 1500 9996.804 1
35041.383 - 1500 9996.820 1
35041.408 - 1500 9996.838 1
35041.432 - 1500 9996.855 1
35041.461 - 1500 9996.877 1
35041.485 - 1500 9996.893 1
35041.510 - 1500 9996.910 1
35041.534 - 1500 9996.927 1
35041.560 - 1500 9996.946 1
35041.584 - 1500 9996.963 1
35041.609 - 1500 9996.980 1
35041.634 - 1500 9996.998 1
35041.658 - 1500 9997.015 1
35041.682 - 1500 9997.032 1
35041.706 - 1500 9997.049 1
35041.730 - 1500 9997.066 1
35041.754 - 1500 9997.082 1
35041.778 - 1500 9997.098 1
35041.804 - 1500 9997.117 1
35041.828 - 1500 9997.134 1
35041.853 - 1500 9997.152 1
35041.877 - 1500 9997.169 1
35041.901 - 1500 9997.186 1
35041.925 - 1500 9997.203 1
35041.949 - 1500 9997.219 1
35041.973 - 1500 9997.236 1
35041.998 - 1500 9997.254 1
35042.023 - 1500 9997.268 1
35042.046 - 1500 9997.284 1
35042.071 - 1500 9997.302 1
35042.096 - 1500 9997.320 1
35042.119 - 1500 9997.336 1
35042.131 - 1500 9997.313 1
35042.143 - 1500 9997.311 1
35042.153 - 1500 9997.313 1
35042.165 - 1500 9997.318 1
35042.176 - 1500 9997.322 1
35042.245 - 1500 9997.383 1
35042.301 - 1500 9997.432 1
35042.334 - 1500 9997.459 1
